"Representative","State","Amount"
"Sanders Bernie (I-VT)","Vermont","$23961943"
"Schumer Charles E (D-NY)","New York","$8393743"
"Brown Sherrod (D-OH)","Ohio","$5891410"
"O'Rourke Beto (D)","","$5847755"
"Schiff Adam (D-CA)","California","$5835244"
"Markey Ed (D-MA)","Massachusetts","$5344294"
"Gillibrand Kirsten (D-NY)","New York","$5342985"
"Rosen Jacky (D-NV)","Nevada","$4789282"
"Boxer Barbara (D-CA)","California","$4628649"
"Pelosi Nancy (D-CA)","California","$4417556"
"Peters Gary (D-MI)","Michigan","$4350528"
"Baldwin Tammy (D-WI)","Wisconsin","$4124803"
"Khanna Ro (D-CA)","California","$4070314"
"Cantwell Maria (D-WA)","Washington","$3863060"
"Nelson Bill (D-FL)","Florida","$3758213"
"Slotkin Elissa (D-MI)","Michigan","$3568269"
"Eshoo Anna (D-CA)","California","$3434891"
"Lofgren Zoe (D-CA)","California","$3369308"
"Allred Colin (D-TX)","Texas","$3356282"
"Porter Katie (D-CA)","California","$3235788"
"McCarthy Kevin (R-CA)","California","$3159142"
"Berman Howard L (D-CA)","California","$3083073"
"Walden Greg (R-OR)","Oregon","$3052730"
"Ocasio-Cortez Alexandria (D-NY)","New York","$2984347"
"Wyden Ron (D-OR)","Oregon","$2947888"
"Pallone Frank Jr (D-NJ)","New Jersey","$2899806"
"Graham Lindsey (R-SC)","South Carolina","$2808114"
"Upton Fred (R-MI)","Michigan","$2800368"
"Paul Ron (R)","","$2797823"
"Gallego Ruben (D-AZ)","Arizona","$2778814"
"Jeffries Hakeem (D-NY)","New York","$2694569"
"Scalise Steve (R-LA)","Louisiana","$2680328"
"Thune John (R-SD)","South Dakota","$2639650"
"Blackburn Marsha (R-TN)","Tennessee","$2603828"
"Harder Josh (D-CA)","California","$2491757"
"Hoyer Steny H (D-MD)","Maryland","$2476730"
"Boehner John (R-OH)","Ohio","$2385967"
"Menendez Robert (I-NJ)","New Jersey","$2377936"
"Gephardt Richard A (D)","","$2372172"
"Murphy Christopher S (D-CT)","Connecticut","$2362750"
"Blunt Roy (R-MO)","Missouri","$2300560"
"Rodgers Cathy McMorris (R-WA)","Washington","$2268750"
"Goodlatte Bob (R-VA)","Virginia","$2249683"
"DelBene Suzan (D-WA)","Washington","$2240367"
"Ryan Tim (D-OH)","Ohio","$2234687"
"Dingell John D (D-MI)","Michigan","$2221600"
"Demings Val (D-FL)","Florida","$2193913"
"Clyburn James E (D-SC)","South Carolina","$2172477"
"Nadler Jerrold (D-NY)","New York","$2156951"
"Schrier Kim (D-WA)","Washington","$2152168"
"Udall Mark (D-CO)","Colorado","$2134167"
"Sinema Kyrsten (I-AZ)","Arizona","$2084456"
"Gottheimer Josh (D-NJ)","New Jersey","$2055025"
"Wicker Roger (R-MS)","Mississippi","$1955081"
"Mucarsel-Powell Debbie (D-FL)","Florida","$1943662"
"Issa Darrell (R-CA)","California","$1882034"
"Connolly Gerry (D-VA)","Virginia","$1863442"
"Allen George (R-VA)","Virginia","$1836176"
"Durbin Dick (D-IL)","Illinois","$1830967"
"Smith Lamar (R-TX)","Texas","$1773070"
"Barton Joe (R-TX)","Texas","$1763265"
"Boucher Rick (D-VA)","Virginia","$1751857"
"Santorum Rick (R)","","$1751572"
"Kim Andy (D-NJ)","New Jersey","$1751207"
"Stabenow Debbie (D-MI)","Michigan","$1745192"
"Gardner Cory (R-CO)","Colorado","$1726385"
"Conyers John Jr (D-MI)","Michigan","$1723335"
"Ryan Paul (R-WI)","Wisconsin","$1718218"
"Matsui Doris (D-CA)","California","$1714786"
"Portman Rob (R-OH)","Ohio","$1666362"
"Latta Bob (R-OH)","Ohio","$1661142"
"McCaul Michael (R-TX)","Texas","$1649103"
"Delgado Antonio (D-NY)","New York","$1641899"
"Van Hollen Chris (D-MD)","Maryland","$1600398"
"Cantor Eric (R-VA)","Virginia","$1586330"
"Swalwell Eric (D-CA)","California","$1577108"
"Golden Jared (D-ME)","Maine","$1557661"
"McSally Martha (R-AZ)","Arizona","$1546394"
"Shimkus John (R-IL)","Illinois","$1530767"
"Duckworth Tammy (D-IL)","Illinois","$1522729"
"Krishnamoorthi Raja (D-IL)","Illinois","$1517265"
"Lujan Ben Ray (D-NM)","New Mexico","$1508007"
"Scott Tim (R-SC)","South Carolina","$1492253"
"Heinrich Martin (D-NM)","New Mexico","$1484445"
"Inslee Jay (D)","","$1478261"
"Terry Lee (R-NE)","Nebraska","$1476401"
"Waxman Henry (D-CA)","California","$1467971"
"Espy Mike (D-MS)","Mississippi","$1435831"
"Sherrill Mikie (D-NJ)","New Jersey","$1413034"
"Burr Richard (R-NC)","North Carolina","$1410529"
"Davis Tom (R-VA)","Virginia","$1401536"
"Craig Angie (D-MN)","Minnesota","$1383272"
"Davids Sharice (D-KS)","Kansas","$1382218"
"Hastert Dennis (R-IL)","Illinois","$1376423"
"Guthrie Brett (R-KY)","Kentucky","$1374668"
"Underwood Lauren A (D-IL)","Illinois","$1361023"
"Spanberger Abigail (D-VA)","Virginia","$1356647"
"Moran Jerry (R-KS)","Kansas","$1351616"
"Hill Katie (D-CA)","California","$1342863"
"Lee Susie (D-NV)","Nevada","$1336165"
"Ford Harold E Jr (D-TN)","Tennessee","$1335916"
"Smith Adam (D-WA)","Washington","$1334541"
"Young Todd (R-IN)","Indiana","$1334060"
"Sessions Pete (R-TX)","Texas","$1330488"
"Gabbard Tulsi (D-HI)","Hawaii","$1326550"
"Levin Mike (D-CA)","California","$1323909"
"McBath Lucy (D-GA)","Georgia","$1314806"
"DeWine Mike (R-OH)","Ohio","$1313194"
"Peters Scott (D-CA)","California","$1298115"
"Schultz Debbie Wasserman (D-FL)","Florida","$1280221"
"Malinowski Tom (D-NJ)","New Jersey","$1272624"
"Toomey Pat (R-PA)","Pennsylvania","$1265217"
"DeGette Diana (D-CO)","Colorado","$1260416"
"Campbell Tom (R-CA)","California","$1254222"
"Daines Steven (R-MT)","Montana","$1249438"
"Rouda Harley (D-CA)","California","$1246438"
"Lazio Rick A (R-NY)","New York","$1243097"
"Maloney Sean Patrick (D-NY)","New York","$1223011"
"Rangel Charles B (D-NY)","New York","$1215974"
"Kennedy Joe III (D-MA)","Massachusetts","$1213799"
"Sherman Brad (D-CA)","California","$1209862"
"Crowley Joseph (D-NY)","New York","$1197799"
"Capps Lois (D-CA)","California","$1180158"
"Murtha John P (D-PA)","Pennsylvania","$1174633"
"Lieu Ted (D-CA)","California","$1173582"
"Dorgan Byron L (D-ND)","North Dakota","$1168109"
"Neal Richard E (D-MA)","Massachusetts","$1162806"
"Rose Max (D-NY)","New York","$1159738"
"Kuster Ann (D-NH)","New Hampshire","$1155203"
"Jones Mondaire (D-NY)","New York","$1154629"
"Moran Jim (D-VA)","Virginia","$1144265"
"Becerra Xavier (D-CA)","California","$1141426"
"Chabot Steve (R-OH)","Ohio","$1140147"
"Doyle Mike (D-PA)","Pennsylvania","$1135057"
"McNerney Jerry (D-CA)","California","$1134029"
"Udall Tom (D-NM)","New Mexico","$1122513"
"Heller Dean (R-NV)","Nevada","$1117348"
"Calvert Ken (R-CA)","California","$1115884"
"Pickering Charles (Chip) Jr (R-MS)","Mississippi","$1114329"
"Bass Karen (D-CA)","California","$1108130"
"Bono Mack Mary (R-CA)","California","$1102466"
"Harman Jane (D-CA)","California","$1100318"
"Rogers Mike (R-MI)","Michigan","$1093298"
"Richardson Bill (D)","","$1083038"
"Jayapal Pramila (D-WA)","Washington","$1077866"
"Bera Ami (D-CA)","California","$1058718"
"Wild Susan (D-PA)","Pennsylvania","$1056113"
"Omar Ilhan (D-MN)","Minnesota","$1056012"
"Donnelly Joe (D-IN)","Indiana","$1051481"
"Engel Eliot (D-NY)","New York","$1050611"
"Brady Kevin (R-TX)","Texas","$1040664"
"Sanchez Loretta (D-CA)","California","$1035768"
"Wilson Heather A (R-NM)","New Mexico","$1030243"
"Stevens Haley (D-MI)","Michigan","$1026638"
"Roskam Peter (R-IL)","Illinois","$1020082"
"Aguilar Pete (D-CA)","California","$1011477"
"Emmer Tom (R-MN)","Minnesota","$1011459"
"Stearns Cliff (R-FL)","Florida","$1008926"
"Thompson Bennie G (D-MS)","Mississippi","$1008893"
"Finkenauer Abby (D-IA)","Iowa","$1008453"
"Sensenbrenner Jim (R-WI)","Wisconsin","$1004814"
"Isakson Johnny (R-GA)","Georgia","$1002043"
"Kirk Mark (R-IL)","Illinois","$988253"
"Tauzin Billy (R-LA)","Louisiana","$987103"
"Brownley Julia (D-CA)","California","$986674"
"Lincoln Blanche (D-AR)","Arkansas","$984975"
"McHenry Patrick (R-NC)","North Carolina","$983336"
"Luria Elaine (D-VA)","Virginia","$981150"
"Towns Edolphus (D-NY)","New York","$980061"
"Kinzinger Adam (R-IL)","Illinois","$978163"
"Lee Barbara (D-CA)","California","$975577"
"Paulsen Erik (R-MN)","Minnesota","$963986"
"Larsen Rick (D-WA)","Washington","$947309"
"Horsford Steven (D-NV)","Nevada","$944589"
"Ensign John (R-NV)","Nevada","$943388"
"Riley Josh (D-NY)","New York","$940692"
"Ross Deborah (D-NC)","North Carolina","$939724"
"Graves Sam (R-MO)","Missouri","$938322"
"Axne Cindy (D-IA)","Iowa","$937334"
"Emanuel Rahm (D-IL)","Illinois","$935590"
"Maloney Carolyn (D-NY)","New York","$933798"
"James John (R-MI)","Michigan","$929816"
"Bilirakis Gus (R-FL)","Florida","$923584"
"Clarke Yvette (D-NY)","New York","$921384"
"Tlaib Rashida (D-MI)","Michigan","$920451"
"Crapo Mike (R-ID)","Idaho","$916621"
"Sununu John E (R-NH)","New Hampshire","$913894"
"Reed Jack (D-RI)","Rhode Island","$912999"
"Stefanik Elise (R-NY)","New York","$904266"
"Honda Mike (D-CA)","California","$902914"
"Himes Jim (D-CT)","Connecticut","$899422"
"Sanchez Linda (D-CA)","California","$897606"
"Ryan Pat (D-NY)","New York","$893164"
"Nunes Devin (R-CA)","California","$887064"
"Meeks Gregory (D-NY)","New York","$887009"
"Foster Bill (D-IL)","Illinois","$885732"
"Houlahan Chrissy (D-PA)","Pennsylvania","$881349"
"Small Xochitl Torres (D-NM)","New Mexico","$879542"
"DeSantis Ron (R)","","$876337"
"Cardin Ben (D-MD)","Maryland","$875551"
"Welch Peter (D-VT)","Vermont","$874822"
"Clark Katherine (D-MA)","Massachusetts","$874499"
"Jordan Jim (R-OH)","Ohio","$874369"
"Fletcher Lizzie (D-TX)","Texas","$863468"
"Casten Sean (D-IL)","Illinois","$862895"
"Lowey Nita M (D-NY)","New York","$860989"
"Perez Marie Gluesenkamp (D-WA)","Washington","$854825"
"Reed Tom (R-NY)","New York","$853370"
"Granger Kay (R-TX)","Texas","$852107"
"Cartwright Matt (D-PA)","Pennsylvania","$848583"
"Kilmer Derek (D-WA)","Washington","$847821"
"Gingrich Newt (R)","","$844399"
"Ruiz Raul (D-CA)","California","$842685"
"Hudson Richard (R-NC)","North Carolina","$842468"
"Kirkpatrick Ann (D-AZ)","Arizona","$841867"
"Cotton Tom (R-AR)","Arkansas","$839680"
"Kind Ron (D-WI)","Wisconsin","$838342"
"Schrader Kurt (D-OR)","Oregon","$833969"
"Ruppersberger Dutch (D-MD)","Maryland","$826648"
"Carper Tom (D-DE)","Delaware","$826517"
"Reichert Dave (R-WA)","Washington","$822474"
"Rush Bobby (D-IL)","Illinois","$822460"
"Curtis John (R-UT)","Utah","$816415"
"Butterfield G K (D-NC)","North Carolina","$812820"
"Kyl Jon (R-AZ)","Arizona","$811825"
"Cardenas Tony (D-CA)","California","$809157"
"Gordon Bart (D-TN)","Tennessee","$808940"
"Wexton Jennifer (D-VA)","Virginia","$805859"
"Chambliss Saxby (R-GA)","Georgia","$805308"
"Murphy Patrick (D-FL)","Florida","$804295"
"Aderholt Robert B (R-AL)","Alabama","$803724"
"Talent James M (R-MO)","Missouri","$802825"
"Peltola Mary (D-AK)","Alaska","$799596"
"Dreier David (R-CA)","California","$799085"
"Green Gene (D-TX)","Texas","$795156"
"Cicilline David (D-RI)","Rhode Island","$788824"
"Hirono Mazie K (D-HI)","Hawaii","$784105"
"Johnson Bill (R-OH)","Ohio","$778068"
"Barrow John (D-GA)","Georgia","$773583"
"Levine Mel (D-CA)","California","$771415"
"Lewis John (D-GA)","Georgia","$767225"
"Carter John (R-TX)","Texas","$766906"
"Collins Doug (R-GA)","Georgia","$764344"
"Coffman Mike (R-CO)","Colorado","$763541"
"Snowe Olympia (R-ME)","Maine","$762155"
"Beyer Don (D-VA)","Virginia","$758153"
"Cuellar Henry (D-TX)","Texas","$758011"
"Schneider Brad (D-IL)","Illinois","$756476"
"Cassidy Bill (R-LA)","Louisiana","$754674"
"Oxley Michael G (R-OH)","Ohio","$753745"
"Sestak Joe (D)","","$753235"
"Castor Kathy (D-FL)","Florida","$750574"
"Hurd Will (R)","","$749596"
"DeMint Jim (R-SC)","South Carolina","$743469"
"Lamb Conor (D-PA)","Pennsylvania","$742595"
"Rogers Mike D (R-AL)","Alabama","$742334"
"Roberts Pat (R-KS)","Kansas","$742006"
"Crow Jason (D-CO)","Colorado","$740903"
"Carbajal Salud (D-CA)","California","$740668"
"Cheney Liz (R-WY)","Wyoming","$736075"
"Chu Judy (D-CA)","California","$733859"
"Cox TJ (D-CA)","California","$731643"
"Whitfield Ed (R-KY)","Kentucky","$730833"
"Raskin Jamie (D-MD)","Maryland","$730273"
"Tiberi Pat (R-OH)","Ohio","$729651"
"Dingell Debbie (D-MI)","Michigan","$721032"
"Kasich John (R)","","$720835"
"Moulton Seth (D-MA)","Massachusetts","$720383"
"DeLay Tom (R-TX)","Texas","$720261"
"Smith Jason (R-MO)","Missouri","$719796"
"Perlmutter Ed (D-CO)","Colorado","$719794"
"Fields Jack M Jr (R-TX)","Texas","$718834"
"Capito Shelley Moore (R-WV)","West Virginia","$716087"
"Rogers Hal (R-KY)","Kentucky","$715482"
"Gallagher Mike (R-WI)","Wisconsin","$715350"
"Turner Michael R (R-OH)","Ohio","$714364"
"Doggett Lloyd (D-TX)","Texas","$714225"
"Liccardo Sam T. (D-CA)","California","$713400"
"Brownback Sam (R)","","$712933"
"Bishop Sanford (D-GA)","Georgia","$704885"
"Flake Jeff (R-AZ)","Arizona","$696990"
"Frost Martin (D-TX)","Texas","$695604"
"Torricelli Robert G (D-NJ)","New Jersey","$695559"
"Buchanan Vernon (R-FL)","Florida","$694157"
"Comstock Barbara (R-VA)","Virginia","$692187"
"Kline John (R-MN)","Minnesota","$691112"
"Wagner Ann (R-MO)","Missouri","$686304"
"Veasey Marc (D-TX)","Texas","$684000"
"Boozman John (R-AR)","Arkansas","$683917"
"Bowman Jamaal (D-NY)","New York","$683312"
"Johnson Mike (R-LA)","Louisiana","$682065"
"Matheson Jim (D-UT)","Utah","$679420"
"Cleaver Emanuel (D-MO)","Missouri","$673211"
"Vitter David (R-LA)","Louisiana","$672515"
"Yoder Kevin (R-KS)","Kansas","$668682"
"Rochester Lisa Blunt (D-DE)","Delaware","$665981"
"Long Billy (R-MO)","Missouri","$664544"
"Inhofe James M (R-OK)","Oklahoma","$661667"
"McClintock Tom (R-CA)","California","$660804"
"Berkley Shelley (D-NV)","Nevada","$660555"
"Burgess Michael (R-TX)","Texas","$653161"
"Diaz-Balart Mario (R-FL)","Florida","$652186"
"Titus Dina (D-NV)","Nevada","$650422"
"Camp Dave (R-MI)","Michigan","$647958"
"Israel Steve (D-NY)","New York","$645125"
"Lewis Jerry (R-CA)","California","$642550"
"Schwartz Allyson (D-PA)","Pennsylvania","$641125"
"Tonko Paul (D-NY)","New York","$639468"
"Bonilla Henry (R-TX)","Texas","$636187"
"Bishop Timothy H (D-NY)","New York","$632190"
"Crenshaw Dan (R-TX)","Texas","$630743"
"Kucinich Dennis (I-OH)","Ohio","$630712"
"Ros-Lehtinen Ileana (R-FL)","Florida","$629498"
"Whitesides George (D-CA)","California","$628642"
"Wolf Frank (R-VA)","Virginia","$620920"
"Crist Charlie (D-FL)","Florida","$620571"
"Johnson Hank (D-GA)","Georgia","$618544"
"O'Halleran Tom (D-AZ)","Arizona","$613402"
"Cannon Chris (R-UT)","Utah","$610714"
"Bilbray Brian P (R-CA)","California","$610560"
"LaHood Darin (R-IL)","Illinois","$609811"
"Bass Charles (R-NH)","New Hampshire","$606655"
"Deutch Ted (D-FL)","Florida","$604992"
"Kennedy Patrick J (D-RI)","Rhode Island","$604963"
"Coble Howard (R-NC)","North Carolina","$604808"
"DeLauro Rosa (D-CT)","Connecticut","$604621"
"Johnson Tim (D-SD)","South Dakota","$601112"
"Kean Thomas H Jr (R-NJ)","New Jersey","$599367"
"Pappas Chris (D-NH)","New Hampshire","$598622"
"Fitzpatrick Brian (R-PA)","Pennsylvania","$598356"
"Stupak Bart (D-MI)","Michigan","$597863"
"Wu David (D-OR)","Oregon","$591103"
"Cole Tom (R-OK)","Oklahoma","$586764"
"Royce Ed (R-CA)","California","$584547"
"Torres Ritchie (D-NY)","New York","$583105"
"Scholten Hillary (D-MI)","Michigan","$578746"
"Bustos Cheri (D-IL)","Illinois","$577988"
"Cisneros Gil (D-CA)","California","$574810"
"Caraveo Yadira (D-CO)","Colorado","$574499"
"Larson John (D-CT)","Connecticut","$573798"
"Womack Steve (R-AR)","Arkansas","$573277"
"Richmond Cedric (D-LA)","Louisiana","$573070"
"Lankford James (R-OK)","Oklahoma","$572270"
"Buck Ken (R-CO)","Colorado","$570451"
"Strickland Ted (D-OH)","Ohio","$569895"
"Suozzi Tom (D-NY)","New York","$569866"
"Cramer Bud (D-AL)","Alabama","$569033"
"Murphy Patrick J (D-PA)","Pennsylvania","$565858"
"Mullin Markwayne (R-OK)","Oklahoma","$564318"
"Pence Mike (R)","","$564205"
"Bourdeaux Carolyn (D-GA)","Georgia","$561731"
"Frelinghuysen Rodney (R-NJ)","New Jersey","$561075"
"Gerlach Jim (R-PA)","Pennsylvania","$560121"
"Lungren Dan (R-CA)","California","$560094"
"Dicks Norm (D-WA)","Washington","$559206"
"Chaffetz Jason (R-UT)","Utah","$557288"
"Dent Charlie (R-PA)","Pennsylvania","$556866"
"Shays Christopher (R-CT)","Connecticut","$555916"
"Walberg Tim (R-MI)","Michigan","$555773"
"Simpson Mike (R-ID)","Idaho","$552985"
"Kelly Mike (R-PA)","Pennsylvania","$551775"
"Hall Ralph (R-TX)","Texas","$550697"
"Price David (D-NC)","North Carolina","$548134"
"Sewell Terri (D-AL)","Alabama","$547944"
"Ferguson Mike (R-NJ)","New Jersey","$546067"
"Visclosky Pete (D-IN)","Indiana","$542708"
"Wittman Rob (R-VA)","Virginia","$541246"
"Thompson Mike (D-CA)","California","$540553"
"Hayes Jahana (D-CT)","Connecticut","$539990"
"Johnson Sam (R-TX)","Texas","$539305"
"Cooper Jim (D-TN)","Tennessee","$539135"
"Bachmann Michele (R-MN)","Minnesota","$538306"
"Cramer Kevin (R-ND)","North Dakota","$533956"
"Kennedy Mark (R-MN)","Minnesota","$533835"
"Pitts Joe (R-PA)","Pennsylvania","$533683"
"Bacon Donald John (R-NE)","Nebraska","$531250"
"Barragan Nanette (D-CA)","California","$530815"
"Min Dave (D-CA)","California","$530512"
"Waters Maxine (D-CA)","California","$528574"
"Kelly Robin (D-IL)","Illinois","$525316"
"Olson Pete (R-TX)","Texas","$525286"
"Northup Anne M (R-KY)","Kentucky","$524540"
"Blumenauer Earl (D-OR)","Oregon","$523652"
"Langevin Jim (D-RI)","Rhode Island","$521170"
"Holt Rush (D-NJ)","New Jersey","$520480"
"Foxx Virginia (R-NC)","North Carolina","$520080"
"Hall John (D-NY)","New York","$519438"
"Griffith Morgan (R-VA)","Virginia","$517076"
"Hill Baron (D-IN)","Indiana","$514654"
"Lance Leonard (R-NJ)","New Jersey","$513615"
"Levin Sander (D-MI)","Michigan","$513120"
"Young Don (R-AK)","Alaska","$510951"
"Vindman Yevgeny 'Eugene' (D-VA)","Virginia","$510808"
"Bonior David E (D-MI)","Michigan","$510621"
"Meek Kendrick B (D-FL)","Florida","$510578"
"Wynn Albert R (D-MD)","Maryland","$509895"
"Schakowsky Jan (D-IL)","Illinois","$508343"
"Myrick Sue (R-NC)","North Carolina","$506402"
"Kim Young (R-CA)","California","$505196"
"Valadao David (R-CA)","California","$504330"
"Bean Melissa (D-IL)","Illinois","$504309"
"Walters Mimi (R-CA)","California","$504056"
"Neguse Joseph (D-CO)","Colorado","$501126"
"Hensarling Jeb (R-TX)","Texas","$500518"
"Edwards Chet (D-TX)","Texas","$500248"
"Tauscher Ellen (D-CA)","California","$499101"
"Allen Tom H (D-ME)","Maine","$495660"
"Davis Rodney (R-IL)","Illinois","$489303"
"Takano Mark (D-CA)","California","$486812"
"Bush Cori (D-MO)","Missouri","$485337"
"Gray Adam (D-CA)","California","$485009"
"Costa Jim (D-CA)","California","$483845"
"Hodes Paul W (D-NH)","New Hampshire","$481644"
"King Pete (R-NY)","New York","$480677"
"Gonzalez Charlie A (D-TX)","Texas","$478883"
"Cohen Steve (D-TN)","Tennessee","$478481"
"Barr Andy (R-KY)","Kentucky","$478269"
"Grayson Alan (D-FL)","Florida","$477764"
"Joyce David P (R-OH)","Ohio","$474232"
"Reynolds Tom (R-NY)","New York","$471179"
"Smith Adrian (R-NE)","Nebraska","$471036"
"Bliley Thomas J Jr (R-VA)","Virginia","$467767"
"Beutler Jaime Herrera (R-WA)","Washington","$465499"
"McAdams Ben (D-UT)","Utah","$464565"
"Shaw E Clay Jr (R-FL)","Florida","$461683"
"Vasquez Gabe (D-NM)","New Mexico","$458364"
"Fazio Vic (D-CA)","California","$458089"
"Holding George (R-NC)","North Carolina","$457500"
"White Rick (R-WA)","Washington","$457444"
"Hyde Henry J (R-IL)","Illinois","$455524"
"Shadegg John (R-AZ)","Arizona","$454653"
"Meng Grace (D-NY)","New York","$454344"
"Gillen Laura (D-NY)","New York","$452699"
"Murphy Tim (R-PA)","Pennsylvania","$452450"
"Pingree Chellie (D-ME)","Maine","$451379"
"Stivers Steve (R-OH)","Ohio","$451274"
"Garcia Mike (R-CA)","California","$451181"
"Phillips Dean (D)","","$450642"
"Ferguson Drew (R-GA)","Georgia","$447636"
"Brindisi Anthony (D-NY)","New York","$447453"
"Pompeo Mike (R-KS)","Kansas","$446242"
"Wexler Robert (D-FL)","Florida","$446130"
"Schweikert David (R-AZ)","Arizona","$443039"
"Maffei Dan (D-NY)","New York","$442479"
"Slaughter Louise M (D-NY)","New York","$442071"
"Stanton Greg (D-AZ)","Arizona","$441803"
"Heck Joe (R-NV)","Nevada","$440793"
"Carter Buddy (R-GA)","Georgia","$439767"
"Pascrell Bill Jr (D-NJ)","New Jersey","$437699"
"Obernolte Jay (R-CA)","California","$435308"
"Kaptur Marcy (D-OH)","Ohio","$435302"
"Hinson Ashley (R-IA)","Iowa","$432311"
"Meehan Marty (D-MA)","Massachusetts","$430452"
"Burton Dan (R-IN)","Indiana","$429959"
"Emerson Jo Ann (R-MO)","Missouri","$429397"
"Braley Bruce (D-IA)","Iowa","$428622"
"Buyer Steve (R-IN)","Indiana","$428283"
"Katko John (R-NY)","New York","$428272"
"Rehberg Denny (R-MT)","Montana","$427652"
"McCollum Bill (R-FL)","Florida","$427140"
"Cunningham Joe (D-SC)","South Carolina","$426292"
"Armstrong Kelly (R-ND)","North Dakota","$425760"
"Ross Mike (D-AR)","Arkansas","$424500"
"Shuster Bill (R-PA)","Pennsylvania","$423680"
"Meehan Patrick (R-PA)","Pennsylvania","$422645"
"Cox Christopher (R-CA)","California","$422481"
"Panetta Jimmy (D-CA)","California","$421044"
"Thornberry Mac (R-TX)","Texas","$420640"
"Linder John (R-GA)","Georgia","$417482"
"Ackerman Gary (D-NY)","New York","$414425"
"Mollohan Alan B (D-WV)","West Virginia","$414030"
"Boustany Charles Jr (R-LA)","Louisiana","$413901"
"Murphy Stephanie (D-FL)","Florida","$412089"
"Zimmer Dick (R-NJ)","New Jersey","$410600"
"Cummings Elijah E (D-MD)","Maryland","$410409"
"Garrett Scott (R-NJ)","New Jersey","$410098"
"Quigley Mike (D-IL)","Illinois","$409263"
"Johnson Nancy L (R-CT)","Connecticut","$407396"
"Graves Garret (R-LA)","Louisiana","$405370"
"Tsongas Niki (D-MA)","Massachusetts","$405357"
"Bunning Jim (R-KY)","Kentucky","$404970"
"Nethercutt George R Jr (R-WA)","Washington","$404106"
"Marino Tom (R-PA)","Pennsylvania","$403824"
"Kildee Dan (D-MI)","Michigan","$401561"
"Lewis Jason (R-MN)","Minnesota","$401015"
"Bynum Janelle (D-OR)","Oregon","$400547"
"Watt Melvin L (D-NC)","North Carolina","$400104"
"Morella Connie (R-MD)","Maryland","$399833"
"Biggert Judy (R-IL)","Illinois","$396700"
"Hill French (R-AR)","Arkansas","$396408"
"Rogan James E (R-CA)","California","$395273"
"Allard Wayne (R-CO)","Colorado","$394319"
"Hobson Dave (R-OH)","Ohio","$392013"
"Price Tom (R-GA)","Georgia","$390941"
"Salinas Andrea (D-OR)","Oregon","$390214"
"Bonamici Suzanne (D-OR)","Oregon","$389121"
"Pryce Deborah (R-OH)","Ohio","$388378"
"Moore Dennis (D-KS)","Kansas","$387478"
"Castro Joaquin (D-TX)","Texas","$386477"
"Brooks Susan (R-IN)","Indiana","$386165"
"Conaway Mike (R-TX)","Texas","$385041"
"Luther Bill (D-MN)","Minnesota","$383605"
"Campbell Ben Nighthorse (R-CO)","Colorado","$383000"
"Gingrey Phil (R-GA)","Georgia","$382569"
"Steel Michelle (R-CA)","California","$381792"
"Weller Jerry (R-IL)","Illinois","$381626"
"Frost Maxwell (D-FL)","Florida","$381264"
"Soto Darren (D-FL)","Florida","$378505"
"Steil Bryan (R-WI)","Wisconsin","$377347"
"McGovern James P (D-MA)","Massachusetts","$376458"
"Cubin Barbara (R-WY)","Wyoming","$376452"
"Flores Bill (R-TX)","Texas","$375505"
"Lucas Frank D (R-OK)","Oklahoma","$375320"
"Gutknecht Gil (R-MN)","Minnesota","$374830"
"Esty Elizabeth (D-CT)","Connecticut","$374683"
"Dunn Jennifer (R-WA)","Washington","$374341"
"Graves Tom (R-GA)","Georgia","$374260"
"Matsui Robert T (D-CA)","California","$372367"
"Zinke Ryan (R-MT)","Montana","$370815"
"Capuano Michael E (D-MA)","Massachusetts","$370371"
"Scott David (D-GA)","Georgia","$370350"
"Sullivan John (R-OK)","Oklahoma","$369047"
"Deal Nathan (R-GA)","Georgia","$368646"
"Armey Dick (R-TX)","Texas","$367729"
"Kingston Jack (R-GA)","Georgia","$367722"
"Forbes Randy (R-VA)","Virginia","$367698"
"Fossella Vito (R-NY)","New York","$365844"
"Keller Ric (R-FL)","Florida","$365598"
"Andrews Robert E (D-NJ)","New Jersey","$365109"
"Van Duyne Beth (R-TX)","Texas","$364901"
"Coburn Tom (R-OK)","Oklahoma","$364140"
"Thompson Glenn (R-PA)","Pennsylvania","$363876"
"Bachus Spencer (R-AL)","Alabama","$362374"
"Jackson Lee Sheila (D-TX)","Texas","$361626"
"Polis Jared (D-CO)","Colorado","$361458"
"Denham Jeff (R-CA)","California","$361335"
"Luetkemeyer Blaine (R-MO)","Missouri","$360740"
"Yarmuth John (D-KY)","Kentucky","$358690"
"Duncan Jeff (R-SC)","South Carolina","$357456"
"Stauber Pete (R-MN)","Minnesota","$357381"
"Sorensen Eric (D-IL)","Illinois","$356643"
"Gomez Jimmy (D-CA)","California","$355110"
"Garcia Joe (D-FL)","Florida","$354503"
"Garamendi John (D-CA)","California","$354093"
"Culberson John (R-TX)","Texas","$351598"
"Weiner Anthony D (D-NY)","New York","$351560"
"McCollum Betty (D-MN)","Minnesota","$351362"
"Speier Jackie (D-CA)","California","$349723"
"Mace Nancy (R-SC)","South Carolina","$348529"
"Rothfus Keith J (R-PA)","Pennsylvania","$348494"
"Dold Bob (R-IL)","Illinois","$347100"
"Courtney Joe (D-CT)","Connecticut","$346957"
"Comer James (R-KY)","Kentucky","$345980"
"Balderson Troy (R-OH)","Ohio","$345587"
"Correa Lou (D-CA)","California","$345455"
"Horn Kendra (D-OK)","Oklahoma","$344026"
"Giffords Gabrielle (D-AZ)","Arizona","$343552"
"Hayes Robin (R-NC)","North Carolina","$342135"
"Boyle Brendan (D-PA)","Pennsylvania","$341817"
"Salazar Maria (R-FL)","Florida","$340043"
"Bucshon Larry (R-IN)","Indiana","$340033"
"Porter Jon (R-NV)","Nevada","$339637"
"Deluzio Christopher (D-PA)","Pennsylvania","$339483"
"Amodei Mark (R-NV)","Nevada","$339269"
"Salazar John (D-CO)","Colorado","$338100"
"Ellison Keith (D-MN)","Minnesota","$338067"
"Fortenberry Jeff (R-NE)","Nebraska","$337934"
"Cline Ben (R-VA)","Virginia","$337622"
"Tauke Tom (R-IA)","Iowa","$337553"
"Curbelo Carlos (R-FL)","Florida","$336851"
"Jenkins Lynn (R-KS)","Kansas","$336603"
"Young C W Bill (R-FL)","Florida","$334342"
"Roy Chip (R-TX)","Texas","$334163"
"McIntyre Mike (D-NC)","North Carolina","$333712"
"Hunter Duncan (R)","","$333495"
"Hayworth J D (R-AZ)","Arizona","$332909"
"Mica John L (R-FL)","Florida","$332494"
"Fitzpatrick Michael G (R-PA)","Pennsylvania","$332335"
"Davis Susan (D-CA)","California","$331741"
"Latham Tom (R-IA)","Iowa","$331521"
"Beatty Joyce (D-OH)","Ohio","$331404"
"King Steven A (R-IA)","Iowa","$330445"
"Budd Ted (R-NC)","North Carolina","$330129"
"Spratt John M Jr (D-SC)","South Carolina","$329299"
"John Chris (D-LA)","Louisiana","$329190"
"Hastings Alcee (D-FL)","Florida","$328941"
"Johnson Dusty (R-SD)","South Dakota","$328520"
"Radanovich George (R-CA)","California","$328424"
"McKeon Buck (R-CA)","California","$328265"
"Johnson Eddie Bernice (D-TX)","Texas","$326360"
"Heck Dennis (D-WA)","Washington","$326350"
"Foley Mark (R-FL)","Florida","$326297"
"Harper Gregg (R-MS)","Mississippi","$325850"
"Boyd Allen (D-FL)","Florida","$324584"
"Tierney John F (D-MA)","Massachusetts","$324417"
"Knollenberg Joe (R-MI)","Michigan","$324220"
"Poliquin Bruce (R-ME)","Maine","$323185"
"Loebsack David (D-IA)","Iowa","$322642"
"Escobar Veronica (D-TX)","Texas","$321001"
"Baird Brian (D-WA)","Washington","$320815"
"Velazquez Nydia (D-NY)","New York","$320280"
"Gallegly Elton (R-CA)","California","$319854"
"Bilirakis Michael (R-FL)","Florida","$319441"
"Davis Don (D-NC)","North Carolina","$319357"
"Poe Ted (R-TX)","Texas","$318696"
"Lampson Nick (D-TX)","Texas","$318681"
"Norwood Charles W (R-GA)","Georgia","$318520"
"McBride Sarah (D-DE)","Delaware","$318049"
"Feeney Tom (R-FL)","Florida","$317714"
"Renacci Jim (R-OH)","Ohio","$315993"
"Scanlon Mary Gay (D-PA)","Pennsylvania","$315807"
"Gonzalez Vicente (D-TX)","Texas","$315754"
"Crenshaw Ander (R-FL)","Florida","$315370"
"Scott Bobby (D-VA)","Virginia","$314990"
"Wilson Joe (R-SC)","South Carolina","$313015"
"Craig Larry (R-ID)","Idaho","$312687"
"Frank Barney (D-MA)","Massachusetts","$311860"
"Peterson Collin (D-MN)","Minnesota","$311220"
"Miller-Meeks Mariannette (R-IA)","Iowa","$310141"
"Davis Danny K (D-IL)","Illinois","$309244"
"Dooley Cal (D-CA)","California","$308898"
"Brady Robert A (D-PA)","Pennsylvania","$308650"
"Skelton Ike (D-MO)","Missouri","$307960"
"Dean Madeleine (D-PA)","Pennsylvania","$306805"
"Rice Kathleen (D-NY)","New York","$306333"
"Franks Trent (R-AZ)","Arizona","$305775"
"West Allen (R-FL)","Florida","$303774"
"Williams Roger (R-TX)","Texas","$303332"
"Synar Michael Lynn (D-OK)","Oklahoma","$303123"
"Klein Ron (D-FL)","Florida","$303120"
"Frankel Lois (D-FL)","Florida","$303023"
"Putnam Adam H (R-FL)","Florida","$302975"
"DeFazio Peter (D-OR)","Oregon","$302936"
"Strickland Marilyn (D-WA)","Washington","$302764"
"Baca Joe (D-CA)","California","$302304"
"Space Zack (D-OH)","Ohio","$302030"
"Marshall Roger (R-KS)","Kansas","$301688"
"Trahan Lori (D-MA)","Massachusetts","$301294"
"Houghton Amo (R-NY)","New York","$301132"
"Sykes Emilia (D-OH)","Ohio","$300776"
"Banks Jim (R-IN)","Indiana","$300473"
"Lamborn Doug (R-CO)","Colorado","$299943"
"Nussle Jim (R-IA)","Iowa","$299623"
"Grams Rod (R-MN)","Minnesota","$298664"
"Obey David R (D-WI)","Wisconsin","$298407"
"Etheridge Bob (D-NC)","North Carolina","$298300"
"Young David (R-IA)","Iowa","$297756"
"Norcross Don (D-NJ)","New Jersey","$297704"
"Cunningham Randy (Duke) (R-CA)","California","$297530"
"Morelle Joseph D (D-NY)","New York","$297162"
"Melancon Charles (D-LA)","Louisiana","$296350"
"Duffy Sean P (R-WI)","Wisconsin","$296040"
"Deutsch Peter (D-FL)","Florida","$295345"
"Mack Connie (R-FL)","Florida","$295048"
"Edwards Donna (D-MD)","Maryland","$294954"
"Rohrabacher Dana (R-CA)","California","$293740"
"McKinley David (R-WV)","West Virginia","$293250"
"Kuhl John R Jr (R-NY)","New York","$290942"
"Davis Geoff (R-KY)","Kentucky","$287949"
"Estes Ron (R-KS)","Kansas","$287277"
"Thomas Bill (R-CA)","California","$287001"
"Bryant John (D-TX)","Texas","$286694"
"Gillmor Paul E (R-OH)","Ohio","$285098"
"Tanner John (D-TN)","Tennessee","$284592"
"Kolbe Jim (R-AZ)","Arizona","$283800"
"Costello Ryan (R-PA)","Pennsylvania","$282250"
"Schock Aaron (R-IL)","Illinois","$281455"
"Walorski Jackie (R-IN)","Indiana","$279473"
"Barr Bob (R-GA)","Georgia","$279376"
"Murphy Scott (D-NY)","New York","$278488"
"Crane Phil (R-IL)","Illinois","$277653"
"McCarthy Carolyn (D-NY)","New York","$277270"
"Pastor Ed (D-AZ)","Arizona","$276634"
"Gonzales Tony (R-TX)","Texas","$275468"
"Amash Justin (R-MI)","Michigan","$275325"
"Pressley Ayanna (D-MA)","Massachusetts","$274753"
"Cammack Kat (R-FL)","Florida","$274511"
"Ramstad Jim (R-MN)","Minnesota","$274163"
"Tiahrt Todd (R-KS)","Kansas","$274040"
"Hanabusa Colleen (D-HI)","Hawaii","$273332"
"Akin Todd (R-MO)","Missouri","$273250"
"Messer Luke (R-IN)","Indiana","$273139"
"Filner Bob (D-CA)","California","$272870"
"Ganske Greg (R-IA)","Iowa","$272811"
"Brooks Jack Bascom (D-TX)","Texas","$272741"
"Boswell Leonard (D-IA)","Iowa","$272398"
"Sires Albio (D-NJ)","New Jersey","$272253"
"Tran Derek (D-CA)","California","$271674"
"Goodlander Maggie (D-NH)","New Hampshire","$270543"
"Fernandez Teresa Leger (D-NM)","New Mexico","$270333"
"Markey Betsy (D-CO)","Colorado","$270199"
"Smith Chris (R-NJ)","New Jersey","$270093"
"Rosendale Matt (R-MT)","Montana","$270005"
"Rothman Steven R (D-NJ)","New Jersey","$268424"
"English Phil (R-PA)","Pennsylvania","$267352"
"LaTourette Steve (R-OH)","Ohio","$267202"
"Manning Kathy (D-NC)","North Carolina","$267162"
"Zeldin Lee (R-NY)","New York","$266914"
"Tipton Scott (R-CO)","Colorado","$266795"
"Fattah Chaka (D-PA)","Pennsylvania","$266389"
"Bishop Mike (R-MI)","Michigan","$266245"
"Simmons Rob (R-CT)","Connecticut","$264787"
"Arrington Jodey (R-TX)","Texas","$264295"
"Auchincloss Jake (D-MA)","Massachusetts","$264095"
"Nickel Wiley (D-NC)","North Carolina","$263701"
"Hooley Darlene (D-OR)","Oregon","$263554"
"Pettersen Brittany (D-CO)","Colorado","$263224"
"Saxton Jim (R-NJ)","New Jersey","$261855"
"Shalala Donna (D-FL)","Florida","$261040"
"Joyce John (R-PA)","Pennsylvania","$260975"
"Solis Hilda L (D-CA)","California","$260338"
"Lawler Mike (R-NY)","New York","$260331"
"Hunter Duncan D (R-CA)","California","$259905"
"Franks Bob (R-NJ)","New Jersey","$259731"
"Ellmers Renee (R-NC)","North Carolina","$259230"
"Stewart Chris (R-UT)","Utah","$258978"
"Mast Brian (R-FL)","Florida","$256599"
"Musgrave Marilyn (R-CO)","Colorado","$256465"
"Taylor Charles H (R-NC)","North Carolina","$255665"
"Lantos Tom (D-CA)","California","$254776"
"Kennedy Joseph P II (D-MA)","Massachusetts","$253582"
"Mcdonald Rivet Kristen (D-MI)","Michigan","$253138"
"Wamp Zach (R-TN)","Tennessee","$252169"
"Walz Tim (D-MN)","Minnesota","$251482"
"Boehlert Sherwood (R-NY)","New York","$251196"
"Delahunt Bill (D-MA)","Massachusetts","$251163"
"Ortiz Solomon P (D-TX)","Texas","$250636"
"Waltz Michael (R-FL)","Florida","$250050"
"Hastings Doc (R-WA)","Washington","$248767"
"Perriello Tom (D-VA)","Virginia","$248675"
"Gaetz Matt (R-FL)","Florida","$247551"
"Roybal-Allard Lucille (D-CA)","California","$247245"
"Pfluger August (R-TX)","Texas","$245665"
"Reschenthaler Guy (R-PA)","Pennsylvania","$245556"
"Subramanyam Suhas (D-VA)","Virginia","$245500"
"Kiley Kevin (R-CA)","California","$245105"
"Roby Martha (R-AL)","Alabama","$245000"
"Collins Chris (R-NY)","New York","$244960"
"Wheat Alan (D-MO)","Missouri","$244275"
"Rouzer David (R-NC)","North Carolina","$244018"
"Hagedorn Jim (R-MN)","Minnesota","$243344"
"Moolenaar John (R-MI)","Michigan","$242065"
"Garbarino Andrew (R-NY)","New York","$241800"
"Rokita Todd (R-IN)","Indiana","$241796"
"McEachin Donald (D-VA)","Virginia","$241731"
"Bishop Rob (R-UT)","Utah","$241265"
"Bryant Ed (R-TN)","Tennessee","$241203"
"Quayle Ben (R-AZ)","Arizona","$241075"
"Delaney John K (D)","","$240773"
"Bergman John (R-MI)","Michigan","$240771"
"Goldman Dan (D-NY)","New York","$240610"
"Schaefer Dan (R-CO)","Colorado","$240512"
"Ratcliffe John (R-TX)","Texas","$240401"
"Farenthold Blake (R-TX)","Texas","$240250"
"Jackson Jesse Jr (D-IL)","Illinois","$239804"
"Jefferson William J (D-LA)","Louisiana","$239786"
"Tenney Claudia (R-NY)","New York","$239777"
"Manton Thomas J (D-NY)","New York","$238869"
"Carson Brad R (D-OK)","Oklahoma","$238795"
"Doolittle John T (R-CA)","California","$238515"
"Malliotakis Nicole (R-NY)","New York","$238481"
"Massie Thomas (R-KY)","Kentucky","$238305"
"Pomeroy Earl (D-ND)","North Dakota","$237581"
"Klink Ron (D-PA)","Pennsylvania","$237067"
"Fleischmann Chuck (R-TN)","Tennessee","$236950"
"Clay William L Jr (D-MO)","Missouri","$236877"
"Sweeney John E (R-NY)","New York","$235997"
"Diaz-Balart Lincoln (R-FL)","Florida","$235535"
"Rodriguez Ciro D (D-TX)","Texas","$234854"
"Vargas Juan (D-CA)","California","$234721"
"Handel Karen (R-GA)","Georgia","$234382"
"Huizenga Bill (R-MI)","Michigan","$234237"
"Pence Greg (R-IN)","Indiana","$233877"
"Salmon Matt (R-AZ)","Arizona","$233797"
"Schaffer Bob (R-CO)","Colorado","$233600"
"Herseth Sandlin Stephanie (D-SD)","South Dakota","$233492"
"Manzullo Don (R-IL)","Illinois","$233315"
"Drake Thelma (R-VA)","Virginia","$233189"
"Newman Marie (D-IL)","Illinois","$233025"
"Love Mia (R-UT)","Utah","$232871"
"Gianforte Greg (R-MT)","Montana","$232425"
"Vela Filemon (D-TX)","Texas","$232285"
"Miller George (D-CA)","California","$232245"
"Castle Michael N (R-DE)","Delaware","$231949"
"Wenstrup Brad (R-OH)","Ohio","$231654"
"Newhouse Dan (R-WA)","Washington","$231113"
"Pearce Steve (R-NM)","New Mexico","$230395"
"Shea-Porter Carol (D-NH)","New Hampshire","$230084"
"McInnis Scott (R-CO)","Colorado","$229809"
"Marchant Kenny (R-TX)","Texas","$229700"
"Brooks Mo (R-AL)","Alabama","$229164"
"Feenstra Randy (R-IA)","Iowa","$229077"
"Carson Andre (D-IN)","Indiana","$228584"
"Foley Thomas S (D-WA)","Washington","$228465"
"Bost Mike (R-IL)","Illinois","$227727"
"Mooney Alex (R-WV)","West Virginia","$226993"
"Reyes Silvestre (D-TX)","Texas","$226725"
"Moakley Joe (D-MA)","Massachusetts","$225337"
"Gohmert Louis B Jr (R-TX)","Texas","$225169"
"Barletta Lou (R-PA)","Pennsylvania","$224407"
"Keating Bill (D-MA)","Massachusetts","$224198"
"Walsh James T (R-NY)","New York","$223208"
"Campbell John (R-CA)","California","$223150"
"Torres Norma (D-CA)","California","$222930"
"Weldon Curt (R-PA)","Pennsylvania","$222663"
"Espaillat Adriano (D-NY)","New York","$222418"
"Evans Dwight (D-PA)","Pennsylvania","$222262"
"Huffman Jared (D-CA)","California","$222163"
"Rooney Tom (R-FL)","Florida","$222099"
"Smucker Lloyd (R-PA)","Pennsylvania","$222072"
"Altmire Jason (D-PA)","Pennsylvania","$221815"
"McCrery Jim (R-LA)","Louisiana","$221744"
"Perry Scott (R-PA)","Pennsylvania","$221043"
"Martin Lynn (R-IL)","Illinois","$220662"
"Ciscomani Juan (R-AZ)","Arizona","$220437"
"Dunn Neal (R-FL)","Florida","$217760"
"Gowdy Trey (R-SC)","South Carolina","$216690"
"Carr Bob (R-MI)","Michigan","$216658"
"Magaziner Seth (D-RI)","Rhode Island","$215855"
"Paxon Bill (R-NY)","New York","$214742"
"Sawyer Tom (D-OH)","Ohio","$214678"
"Luna Anna Paulina (R-FL)","Florida","$214583"
"Carney Chris (D-PA)","Pennsylvania","$213376"
"Critz Mark (D-PA)","Pennsylvania","$212898"
"Taylor Van (R-TX)","Texas","$212311"
"Gallego Pete (D-TX)","Texas","$212111"
"Lynch Stephen (D-MA)","Massachusetts","$211925"
"Margolies Marjorie (D-PA)","Pennsylvania","$211837"
"Mfume Kweisi (D-MD)","Maryland","$211757"
"Adams Alma (D-NC)","North Carolina","$211593"
"Mrvan Frank Jr (D-IN)","Indiana","$211514"
"Higgins Brian M (D-NY)","New York","$211316"
"Crawford Rick (R-AR)","Arkansas","$210225"
"Sarbanes John (D-MD)","Maryland","$209355"
"Holden Tim (D-PA)","Pennsylvania","$208797"
"Jacobs Sara (D-CA)","California","$208249"
"Tancredo Tom (3)","","$207627"
"Watts J C Jr (R-OK)","Oklahoma","$207413"
"Gejdenson Sam (D-CT)","Connecticut","$207216"
"Hinojosa Ruben (D-TX)","Texas","$207168"
"Fischbach Michelle (R-MN)","Minnesota","$207070"
"Minnick Walt (D-ID)","Idaho","$206449"
"Noem Kristi (R-SD)","South Dakota","$206150"
"Jackson Jeff (D-NC)","North Carolina","$205702"
"Ross Dennis (R-FL)","Florida","$205094"
"Ehrlich Bob (R-MD)","Maryland","$204523"
"Westmoreland Lynn A (R-GA)","Georgia","$204366"
"Carter Troy (D-LA)","Louisiana","$204085"
"Webster Daniel (R-FL)","Florida","$204069"
"McHugh John M (R-NY)","New York","$203811"
"Bice Stephanie (R-OK)","Oklahoma","$203341"
"Payne Donald M Jr (D-NJ)","New Jersey","$203335"
"Baker Richard (R-LA)","Louisiana","$202493"
"Marshall Jim (D-GA)","Georgia","$202425"
"Hultgren Randy (R-IL)","Illinois","$201748"
"Sabo Martin Olav (D-MN)","Minnesota","$201200"
"Clement Bob (D-TN)","Tennessee","$200875"
"Allen Richard W (R-GA)","Georgia","$200850"
"LoBiondo Frank (R-NJ)","New Jersey","$200575"
"Van Drew Jeff (R-NJ)","New Jersey","$200443"
"Kiggans Jen (R-VA)","Virginia","$199623"
"Fudge Marcia (D-OH)","Ohio","$199414"
"Berry Marion (D-AR)","Arkansas","$199050"
"Lee Summer (D-PA)","Pennsylvania","$197950"
"Beauprez Bob (R-CO)","Colorado","$197591"
"Friedman Laura (D-CA)","California","$197434"
"Smith Bob (R-NH)","New Hampshire","$197205"
"Owens Bill (D-NY)","New York","$196692"
"Rice Tom (R-SC)","South Carolina","$196350"
"Biggs Andy (R-AZ)","Arizona","$196324"
"Michaud Mike (D-ME)","Maine","$196075"
"Schauer Mark (D-MI)","Michigan","$195758"
"Adler John H (D-NJ)","New Jersey","$194905"
"Harris Katherine (R-FL)","Florida","$194491"
"Kamlager Sydney (D-CA)","California","$194133"
"McCormick Richard (R-GA)","Georgia","$193893"
"Boebert Lauren (R-CO)","Colorado","$193199"
"Haaland Debra (D-NM)","New Mexico","$192531"
"Hoeffel Joseph M (D-PA)","Pennsylvania","$191330"
"Scott Austin (R-GA)","Georgia","$191200"
"Hartzler Vicky (R-MO)","Missouri","$191098"
"McCarthy Karen (D-MO)","Missouri","$190879"
"Brown Hank (R-CO)","Colorado","$190402"
"Hutchinson Tim (R-AR)","Arkansas","$190374"
"Slattery Jim (D-KS)","Kansas","$190111"
"Jindal Bobby (R)","","$189676"
"Berg Rick (R-ND)","North Dakota","$188987"
"Napolitano Grace (D-CA)","California","$188813"
"Woolsey Lynn (D-CA)","California","$188524"
"Donalds Byron (R-FL)","Florida","$188380"
"Ritter Don (R-PA)","Pennsylvania","$187344"
"Pombo Richard W (R-CA)","California","$185256"
"Gutierrez Luis V (D-IL)","Illinois","$185129"
"Case Ed (D-HI)","Hawaii","$184630"
"Rahall Nick (D-WV)","West Virginia","$183080"
"Stenholm Charles W (D-TX)","Texas","$182234"
"Moore Gwen (D-WI)","Wisconsin","$181350"
"Ney Bob (R-OH)","Ohio","$180175"
"Lummis Cynthia (R-WY)","Wyoming","$180091"
"Brown Anthony (D-MD)","Maryland","$179742"
"Molinaro Marc (R-NY)","New York","$178666"
"Klug Scott L (R-WI)","Wisconsin","$177904"
"Taylor Scott (R-VA)","Virginia","$177163"
"Chandler Ben (D-KY)","Kentucky","$177059"
"Hart Melissa (R-PA)","Pennsylvania","$176983"
"Rigell Scott (R-VA)","Virginia","$176750"
"Landsman Greg (D-OH)","Ohio","$176718"
"Van Orden Derrick (R-WI)","Wisconsin","$175846"
"Lesko Debbie (R-AZ)","Arizona","$175624"
"Neugebauer Randy (R-TX)","Texas","$175553"
"Brown Corrine (D-FL)","Florida","$175450"
"LaHood Ray (R-IL)","Illinois","$174888"
"Barber Ron (D-AZ)","Arizona","$174725"
"Moorhead Carlos J (R-CA)","California","$174498"
"Mannion John (D-NY)","New York","$174256"
"Greenwood James C (R-PA)","Pennsylvania","$174212"
"Massa Eric (D-NY)","New York","$174159"
"Hern Kevin (R-OK)","Oklahoma","$172874"
"Arcuri Mike (D-NY)","New York","$172792"
"Kratovil Frank (D-MD)","Maryland","$172568"
"Labrador Raul (R-ID)","Idaho","$172417"
"Coleman Bonnie Watson (D-NJ)","New Jersey","$172412"
"Forbes Michael P (D-NY)","New York","$172225"
"Crockett Jasmine (D-TX)","Texas","$171682"
"Swift Al (D-WA)","Washington","$170700"
"Ellzey Jake (R-TX)","Texas","$170595"
"Istook Ernest J (R-OK)","Oklahoma","$170594"
"Bradley Jeb (R-NH)","New Hampshire","$170450"
"Carnahan Russ (D-MO)","Missouri","$169940"
"Franks Gary A (R-CT)","Connecticut","$169428"
"Knight Steve (R-CA)","California","$169426"
"Oberstar James L (D-MN)","Minnesota","$169000"
"Chandler Rod (R-WA)","Washington","$168766"
"Posey Bill (R-FL)","Florida","$168505"
"Herger Wally (R-CA)","California","$168075"
"Palmer Gary (R-AL)","Alabama","$167550"
"Hinchey Maurice (D-NY)","New York","$167067"
"Miller Gary (R-CA)","California","$166561"
"Pocan Mark (D-WI)","Wisconsin","$165959"
"Gibbs Bob (R-OH)","Ohio","$163712"
"Black Diane (R-TN)","Tennessee","$163600"
"Letlow Julia (R-LA)","Louisiana","$163446"
"Collins Mac (R-GA)","Georgia","$163277"
"Wilson Frederica (D-FL)","Florida","$163244"
"Miller Brad (D-NC)","North Carolina","$163190"
"Walker Mark (R-NC)","North Carolina","$163110"
"Fleming John (R-LA)","Louisiana","$163103"
"Garcia Sylvia (D-TX)","Texas","$162917"
"Frisa Daniel (R-NY)","New York","$162799"
"Nunn Zach (R-IA)","Iowa","$162044"
"Sherwood Don (R-PA)","Pennsylvania","$161956"
"Grimm Michael (R-NY)","New York","$161581"
"Gilman Benjamin A (R-NY)","New York","$161551"
"Flores Mayra (R-TX)","Texas","$161341"
"Owens Burgess (R-UT)","Utah","$161222"
"McKinney Cynthia (3)","","$161069"
"Petri Tom (R-WI)","Wisconsin","$160489"
"Hunt Wesley (R-TX)","Texas","$159597"
"Serrano Jose E (D-NY)","New York","$159063"
"De La Cruz Monica (R-TX)","Texas","$158978"
"Hulshof Kenny (R-MO)","Missouri","$158689"
"Herrell Yvette (R-NM)","New Mexico","$158449"
"Nye Glenn (D-VA)","Virginia","$158327"
"Harris Andy (R-MD)","Maryland","$157579"
"Weber Randy (R-TX)","Texas","$157053"
"Lipinski Daniel (D-IL)","Illinois","$156524"
"Renzi Rick (R-AZ)","Arizona","$156394"
"Griffith Parker (R-AL)","Alabama","$156250"
"Loudermilk Barry (R-GA)","Georgia","$156019"
"Lehman Richard H (D-CA)","California","$155346"
"Mrazek Robert J (D-NY)","New York","$155139"
"Green Al (D-TX)","Texas","$155042"
"Inglis Bob (R-SC)","South Carolina","$154550"
"Largent Steve (R-OK)","Oklahoma","$154308"
"Neumann Mark W (R-WI)","Wisconsin","$154060"
"Moore Blake (R-UT)","Utah","$154000"
"Blute Peter I (R-MA)","Massachusetts","$153996"
"McGarvey Morgan (D-KY)","Kentucky","$153781"
"Mulvaney Mick (R-SC)","South Carolina","$153715"
"Westerman Bruce (R-AR)","Arkansas","$153183"
"Peterson John E (R-PA)","Pennsylvania","$153150"
"Hurt Robert (R-VA)","Virginia","$153050"
"Brown Shontel (D-OH)","Ohio","$152996"
"Jones Walter B Jr (R-NC)","North Carolina","$152480"
"McMillen Tom (D-MD)","Maryland","$152300"
"Thomas Craig (R-WY)","Wyoming","$152232"
"Budzinski Nikki (D-IL)","Illinois","$151585"
"Olver John W (D-MA)","Massachusetts","$150900"
"Carey Mike (R-OH)","Ohio","$150860"
"Souder Mark E (R-IN)","Indiana","$149824"
"Livingston Robert L (R-LA)","Louisiana","$149800"
"McIntosh David M (R-IN)","Indiana","$149766"
"Hayworth Nan (R-NY)","New York","$149570"
"Nunnelee Alan (R-MS)","Mississippi","$149435"
"Everett Terry (R-AL)","Alabama","$149025"
"Mahoney Tim (D-FL)","Florida","$148131"
"Torkildsen Peter G (R-MA)","Massachusetts","$147825"
"Davis Artur (R-AL)","Alabama","$147750"
"Greene Marjorie Taylor (R-GA)","Georgia","$147123"
"McDermott Jim (D-WA)","Washington","$147110"
"Halvorson Deborah (D-IL)","Illinois","$146983"
"Finstad Brad (R-MN)","Minnesota","$146787"
"Fletcher Ernie (R-KY)","Kentucky","$146690"
"Hefner W G (Bill) (D-NC)","North Carolina","$146633"
"Hoekstra Peter (R-MI)","Michigan","$146478"
"Lawrence Brenda (D-MI)","Michigan","$146087"
"Kustoff David (R-TN)","Tennessee","$145981"
"Lewis Ron (R-KY)","Kentucky","$145796"
"Bonner Jo (R-AL)","Alabama","$145500"
"Sodrel Mike (R-IN)","Indiana","$144808"
"Shuler Heath (D-NC)","North Carolina","$144732"
"Brown George E Jr (D-CA)","California","$144606"
"Kelly Sue (R-NY)","New York","$144450"
"Grijalva Raul M (D-AZ)","Arizona","$144218"
"Gibbons Sam (D-FL)","Florida","$143835"
"Fox Jon D (R-PA)","Pennsylvania","$143655"
"Jackson Ronny (R-TX)","Texas","$143629"
"Harshbarger Diana (R-TN)","Tennessee","$143419"
"Davis Jim (D-FL)","Florida","$143115"
"Gibson Chris (R-NY)","New York","$142790"
"Byrne Bradley (R-AL)","Alabama","$142555"
"Chavez-Deremer Lori (R-OR)","Oregon","$141455"
"Steube Greg (R-FL)","Florida","$141331"
"Gekas George W (R-PA)","Pennsylvania","$141284"
"Green Mark (R-TN)","Tennessee","$141016"
"Meijer Peter (R-MI)","Michigan","$140748"
"Austria Steve (R-OH)","Ohio","$140484"
"Payne Donald M (D-NJ)","New Jersey","$140480"
"Hoyle Val (D-OR)","Oregon","$140377"
"Fulcher Russ (R-ID)","Idaho","$139346"
"Miller Candice S (R-MI)","Michigan","$139060"
"Goode Virgil (3)","","$138980"
"Palazzo Steven (R-MS)","Mississippi","$138918"
"Kihuen Ruben (D-NV)","Nevada","$138819"
"Christian-Christensen Donna (D-VI)","Virgin Islands","$138650"
"Pittenger Robert (R-NC)","North Carolina","$138600"
"Kelly Trent (R-MS)","Mississippi","$138519"
"Rutherford John (R-FL)","Florida","$138100"
"Cardoza Dennis (D-CA)","California","$137751"
"Lee Laurel (R-FL)","Florida","$137367"
"Beilenson Anthony C (D-CA)","California","$137050"
"Alexander Rodney (R-LA)","Louisiana","$136713"
"Swett Dick (D-NH)","New Hampshire","$136650"
"Ryun Jim (R-KS)","Kansas","$136247"
"Houchin Erin (R-IN)","Indiana","$136244"
"Farr Sam (D-CA)","California","$136149"
"Faso John (R-NY)","New York","$135883"
"Babin Brian (R-TX)","Texas","$135501"
"Woodall Rob (R-GA)","Georgia","$134950"
"Gonzalez Anthony (R-OH)","Ohio","$134926"
"Bartlett Roscoe G (R-MD)","Maryland","$134635"
"Chocola Chris (R-IN)","Indiana","$134450"
"Zeliff Bill (R-NH)","New Hampshire","$134390"
"Miller Jeff (R-FL)","Florida","$133850"
"Rostenkowski Dan (D-IL)","Illinois","$133500"
"LaLota Nick (R-NY)","New York","$133496"
"Ashford Brad (D-NE)","Nebraska","$133224"
"Sanford Mark (R)","","$133048"
"Levin Andy (D-MI)","Michigan","$132986"
"Lightfoot Jim (R-IA)","Iowa","$132590"
"Bentz Cliff (R-OR)","Oregon","$132252"
"Davis Lincoln (D-TN)","Tennessee","$132151"
"Meuser Dan (R-PA)","Pennsylvania","$132001"
"Weldon Dave (R-FL)","Florida","$131800"
"Skaggs David E (D-CO)","Colorado","$131205"
"Boren Dan (D-OK)","Oklahoma","$130830"
"Mineta Norman Y (D-CA)","California","$130596"
"Graham Gwen (D-FL)","Florida","$129958"
"Lowenthal Alan (D-CA)","California","$129575"
"Kilroy Mary Jo (D-OH)","Ohio","$129540"
"Hilleary Van (R-TN)","Tennessee","$129446"
"Williams Brandon (R-NY)","New York","$129008"
"Kilpatrick Carolyn Cheeks (D-MI)","Michigan","$128900"
"Flood Mike (R-NE)","Nebraska","$127600"
"Mitchell Harry (D-AZ)","Arizona","$125891"
"Williams Nikema Natassha (D-GA)","Georgia","$125695"
"Menendez Rob (D-NJ)","New Jersey","$125672"
"Schrock Ed (R-VA)","Virginia","$122623"
"Griffin Tim (R-AR)","Arkansas","$122356"
"MacArthur Thomas (R-NJ)","New Jersey","$122200"
"Huelskamp Tim (R-KS)","Kansas","$122157"
"Ellsworth Brad (D-IN)","Indiana","$122154"
"Ribble Reid (R-WI)","Wisconsin","$121785"
"Hollingsworth Trey (R-IN)","Indiana","$120400"
"Guinta Frank (R-NH)","New Hampshire","$120100"
"Grisham Michelle Lujan (D-NM)","New Mexico","$118622"
"Sutton Betty Sue (D-OH)","Ohio","$118550"
"Richardson Laura (D-CA)","California","$118350"
"Ose Doug (R-CA)","California","$118280"
"Kuykendall Steven T (R-CA)","California","$118030"
"Mann Tracey (R-KS)","Kansas","$117590"
"McCotter Thaddeus G (R)","","$117569"
"Green Mark (R-WI)","Wisconsin","$117533"
"Abercrombie Neil (D-HI)","Hawaii","$116087"
"Skeen Joe (R-NM)","New Mexico","$115909"
"Sandlin Max (D-TX)","Texas","$115689"
"Rose John (R-TN)","Tennessee","$114987"
"Spartz Victoria (R-IN)","Indiana","$114879"
"Brat Dave (R-VA)","Virginia","$114360"
"Ivey Glenn (D-MD)","Maryland","$114243"
"Casar Greg (D-TX)","Texas","$113845"
"Timmons William (R-SC)","South Carolina","$113700"
"Blum Rod (R-IA)","Iowa","$113633"
"Maloney Jim (D-CT)","Connecticut","$113390"
"Watkins Wes (R-OK)","Oklahoma","$112575"
"McClellan Jennifer (D-VA)","Virginia","$112381"
"Balint Becca (D-VT)","Vermont","$112175"
"Schenk Lynn (D-CA)","California","$111422"
"Gooden Lance (R-TX)","Texas","$111350"
"Roukema Marge (R-NJ)","New Jersey","$111299"
"Donovan Dan (R-NY)","New York","$110860"
"Kissell Larry (D-NC)","North Carolina","$110763"
"Bentsen Ken (D-TX)","Texas","$110175"
"Kanjorski Paul E (D-PA)","Pennsylvania","$109700"
"Barrett Gresham (R-SC)","South Carolina","$108750"
"Russo Martin A (D-IL)","Illinois","$108604"
"Gibbons Jim (R-NV)","Nevada","$108598"
"AuCoin Les (D-OR)","Oregon","$108496"
"Plaskett Stacey (D-VI)","Virgin Islands","$108165"
"Wilson Charles (D-TX)","Texas","$107850"
"Kildee Dale E (D-MI)","Michigan","$107480"
"Barca Peter William (D-WI)","Wisconsin","$107181"
"Fish Hamilton Jr (R-NY)","New York","$107150"
"Grothman Glenn (R-WI)","Wisconsin","$107065"
"Kosmas Suzanne (D-FL)","Florida","$106883"
"Cook Paul (R-CA)","California","$106810"
"Costello Jerry F (D-IL)","Illinois","$106350"
"D'Esposito Anthony (R-NY)","New York","$106026"
"Broun Paul (R-GA)","Georgia","$105990"
"Kostmayer Peter H (D-PA)","Pennsylvania","$105699"
"Otter C L (Butch) (R-ID)","Idaho","$105350"
"Walsh Joe (R)","","$105100"
"Duarte John (R-CA)","California","$105055"
"Brown Henry (R-SC)","South Carolina","$104757"
"Ehlers Vernon J (R-MI)","Michigan","$104675"
"Fincher Steve (R-TN)","Tennessee","$104474"
"Solomon Gerald B H (R-NY)","New York","$104414"
"Benishek Dan (R-MI)","Michigan","$104001"
"Glickman Daniel Robert (D-KS)","Kansas","$104000"
"Schneider Claudine C (R-RI)","Rhode Island","$103990"
"Riley Bob (R-AL)","Alabama","$103620"
"Roemer Tim (D-IN)","Indiana","$103389"
"Minge David (D-MN)","Minnesota","$103124"
"Meadows Mark (R-NC)","North Carolina","$102175"
"Childers Travis (D-MS)","Mississippi","$101000"
"Crane Eli (R-AZ)","Arizona","$100926"
"Cravaack Chip (R-MN)","Minnesota","$100761"
"Molinari Susan (R-NY)","New York","$100651"
"Christensen Jon (R-NE)","Nebraska","$100040"
"Moskowitz Jared (D-FL)","Florida","$99837"
"Hanna Richard (R-NY)","New York","$99744"
"Amo Gabe (D-RI)","Rhode Island","$99380"
"Shuster Bud (R-PA)","Pennsylvania","$98954"
"Desjarlais Scott (R-TN)","Tennessee","$98753"
"Duncan John J Jr (R-TN)","Tennessee","$98600"
"Schroeder Patricia (D-CO)","Colorado","$98509"
"Teague Harry (D-NM)","New Mexico","$98370"
"Jenkins Bill (R-TN)","Tennessee","$98000"
"McMahon Michael E (D-NY)","New York","$97414"
"Boccieri John A (D-OH)","Ohio","$97027"
"Wilson Charlie (D-OH)","Ohio","$96950"
"Tiffany Tom (R-WI)","Wisconsin","$96824"
"Nolan Rick (D-MN)","Minnesota","$96480"
"Andrews Thomas H (D-ME)","Maine","$96185"
"Trott Dave (R-MI)","Michigan","$95805"
"Laturner Jake (R-KS)","Kansas","$95562"
"McCurdy Dave (D-OK)","Oklahoma","$95525"
"Hahn Janice (D-CA)","California","$95380"
"Simon Lateefah (D-CA)","California","$95189"
"Dahlkemper Kathy (D-PA)","Pennsylvania","$94950"
"Lucas Ken (D-KY)","Kentucky","$93697"
"Randall Emily (D-WA)","Washington","$93619"
"Johnson Timothy (R-IL)","Illinois","$93285"
"Turner Jim (D-TX)","Texas","$93238"
"McClain Lisa (R-MI)","Michigan","$92910"
"Callahan Sonny (R-AL)","Alabama","$92744"
"Guest Michael (R-MS)","Mississippi","$92351"
"LaRocco Larry (D-ID)","Idaho","$92289"
"Fitzgerald Scott (R-WI)","Wisconsin","$91947"
"Porter John Edward (R-IL)","Illinois","$91864"
"Andrews Michael Allen (D-TX)","Texas","$91800"
"Snyder Vic (D-AR)","Arkansas","$91800"
"Scarborough Joe (R-FL)","Florida","$91560"
"Hall Tony P (D-OH)","Ohio","$91280"
"Miller Carol (R-WV)","West Virginia","$91198"
"Taylor Gene (R-MS)","Mississippi","$90950"
"Latimer George (D-NY)","New York","$90897"
"Baesler Scotty (D-KY)","Kentucky","$90397"
"Desaulnier Mark (D-CA)","California","$90317"
"Norman Ralph (R-SC)","South Carolina","$90043"
"Norton Eleanor Holmes (D-DC)","District of Columbia","$90021"
"Jones Stephanie Tubbs (D-OH)","Ohio","$89600"
"Hageman Harriet (R-WY)","Wyoming","$89529"
"Blagojevich Rod (D-IL)","Illinois","$89460"
"Lee Christopher J (R-NY)","New York","$88040"
"Sharp Philip R (D-IN)","Indiana","$88025"
"Michel Robert H (R-IL)","Illinois","$87855"
"Studds Gerry E (D-MA)","Massachusetts","$87550"
"Jolly David (R-FL)","Florida","$86300"
"Hochul Kathleen (D-NY)","New York","$86250"
"Garcia Robert (D-CA)","California","$85910"
"Schiff Steven H (R-NM)","New Mexico","$85630"
"Derrick Butler C Jr (D-SC)","South Carolina","$85600"
"Garcia Jesus (D-IL)","Illinois","$85003"
"Burchett Tim (R-TN)","Tennessee","$84892"
"Romero-Barcelo Carlos (D-PR)","Puerto Rico","$84800"
"Stutzman Marlin (R-IN)","Indiana","$84582"
"Langworthy Nick (R-NY)","New York","$84448"
"Pierluisi Pedro (D-PR)","Puerto Rico","$84443"
"Ewing Thomas W (R-IL)","Illinois","$83935"
"Gimenez Carlos (R-FL)","Florida","$83712"
"Riggleman Denver (R-VA)","Virginia","$83513"
"Majette Denise L (D-GA)","Georgia","$83141"
"Thurman Karen L (D-FL)","Florida","$82300"
"Burns Max (R-GA)","Georgia","$81947"
"Grucci Felix J Jr (R-NY)","New York","$81850"
"Hamilton Lee H (D-IN)","Indiana","$81723"
"Spence Floyd D (R-SC)","South Carolina","$81400"
"Franklin Scott (R-FL)","Florida","$81380"
"Stansbury Melanie (D-NM)","New Mexico","$81341"
"Carney John (D-DE)","Delaware","$81200"
"Kleczka Jerry (D-WI)","Wisconsin","$80602"
"Stockman Steve (R-TX)","Texas","$80320"
"Fawell Harris W (R-IL)","Illinois","$80299"
"Moody Jim (D-WI)","Wisconsin","$80125"
"Collins Cardiss (D-IL)","Illinois","$80050"
"McDade Joseph M (R-PA)","Pennsylvania","$79750"
"Moran Nathaniel (R-TX)","Texas","$79690"
"Quinn Jack (R-NY)","New York","$79389"
"Laughlin Greg (R-TX)","Texas","$79050"
"Borski Bob (D-PA)","Pennsylvania","$78970"
"Scheuer James H (D-NY)","New York","$78850"
"Yates Sidney R (D-IL)","Illinois","$78850"
"Dickey Jay (R-AR)","Arkansas","$78819"
"Saiki Patricia Fukuda (R-HI)","Hawaii","$78654"
"Bishop Dan (R-NC)","North Carolina","$78456"
"Eckart Dennis E (D-OH)","Ohio","$78375"
"Parker Mike (R-MS)","Mississippi","$78329"
"Baker Bill (R-CA)","California","$78274"
"Yoho Ted (R-FL)","Florida","$78000"
"Bright Bobby (R-AL)","Alabama","$77900"
"Bono Sonny (R-CA)","California","$77724"
"Good Bob (R-VA)","Virginia","$77540"
"Figures Shomari (D-AL)","Alabama","$77539"
"Canseco Quico (R-TX)","Texas","$77100"
"Downey Thomas J (D-NY)","New York","$76880"
"Furse Elizabeth (D-OR)","Oregon","$76184"
"Sali Bill (R-ID)","Idaho","$75925"
"Darden Buddy (D-GA)","Georgia","$75750"
"Driehaus Steve (D-OH)","Ohio","$75364"
"Schuette Bill (R-MI)","Michigan","$75232"
"Ballenger Cass (R-NC)","North Carolina","$74843"
"Cloud Michael (R-TX)","Texas","$74802"
"Rinaldo Matthew J (R-NJ)","New Jersey","$74696"
"Quillen James H (R-TN)","Tennessee","$74300"
"Buerkle Ann Marie (R-NY)","New York","$73650"
"Gosar Paul (R-AZ)","Arizona","$73416"
"Sikorski Gerry (D-MN)","Minnesota","$73300"
"Hutchinson Asa (R-AR)","Arkansas","$72900"
"Lent Norman F (R-NY)","New York","$72800"
"Brown-Waite Ginny (R-FL)","Florida","$72750"
"Anthony Beryl F Jr (D-AR)","Arkansas","$72350"
"Watson Diane E (D-CA)","California","$72233"
"Owens Wayne (D-UT)","Utah","$71922"
"Adams Sandy (R-FL)","Florida","$71816"
"Bereuter Doug (R-NE)","Nebraska","$71600"
"Schmidt Jean (R-OH)","Ohio","$71550"
"Smith Linda (R-WA)","Washington","$71225"
"Murphy Greg (R-NC)","North Carolina","$71181"
"Mullin Kevin (D-CA)","California","$71100"
"Carson Julia (D-IN)","Indiana","$70794"
"Luttrell Morgan (R-TX)","Texas","$70285"
"Pease Ed (R-IN)","Indiana","$70273"
"Southerland Steve (R-FL)","Florida","$69830"
"Rose Charlie (D-NC)","North Carolina","$69600"
"Bell Wesley (D-MO)","Missouri","$69591"
"Regula Ralph (R-OH)","Ohio","$69550"
"Chrysler Dick (R-MI)","Michigan","$69301"
"Takai Mark (D-HI)","Hawaii","$69150"
"Hefley Joel (R-CO)","Colorado","$68900"
"Evans Gabe (R-CO)","Colorado","$68874"
"Cawthorn Madison (R-NC)","North Carolina","$68560"
"Bridenstine James (R-OK)","Oklahoma","$68541"
"Harris Mark (R-NC)","North Carolina","$68475"
"Holloway Clyde C (R-LA)","Louisiana","$67903"
"Payne LF Jr (D-VA)","Virginia","$67452"
"Weygand Bob (D-RI)","Rhode Island","$67122"
"Hayes Jimmy (R-LA)","Louisiana","$67110"
"Higgins Clay (R-LA)","Louisiana","$66964"
"Fallon Patrick (R-TX)","Texas","$66502"
"Strong Dale (R-AL)","Alabama","$66100"
"Hilliard Earl F (D-AL)","Alabama","$65750"
"McGuire John (R-VA)","Virginia","$65153"
"Landry Jeff (R-LA)","Louisiana","$65065"
"Yakym Rudy (R-IN)","Indiana","$65038"
"Davidson Warren (R-OH)","Ohio","$65031"
"Hughes Bill (D-NJ)","New Jersey","$64702"
"Kahele Kai (D-HI)","Hawaii","$64596"
"Geren Pete (D-TX)","Texas","$64499"
"Mavroules Nicholas (D-MA)","Massachusetts","$64330"
"Lawson Al (D-FL)","Florida","$64039"
"Fallin Mary (R-OK)","Oklahoma","$63300"
"Hice Jody (R-GA)","Georgia","$63200"
"Evans Lane (D-IL)","Illinois","$63150"
"LaMalfa Doug (R-CA)","California","$63150"
"Runyan Jon (R-NJ)","New Jersey","$63150"
"Condit Gary A (D-CA)","California","$63080"
"Unsoeld Jolene (D-WA)","Washington","$63050"
"Dellums Ronald V (D-CA)","California","$62805"
"Barrett Tom (D-WI)","Wisconsin","$62635"
"Snowbarger Vince (R-KS)","Kansas","$62575"
"Hoagland Peter (D-NE)","Nebraska","$62150"
"Ansari Yassamin (D-AZ)","Arizona","$62061"
"Haridopolos Mike (R-FL)","Florida","$62015"
"Kim Jay C (R-CA)","California","$61887"
"Watkins Steve (R-KS)","Kansas","$61797"
"Bacchus James L (D-FL)","Florida","$61735"
"Chapman Jim (D-TX)","Texas","$61650"
"Tate Randy (R-WA)","Washington","$61600"
"Packard Ron (R-CA)","California","$61550"
"Hardy Cresent (R-NV)","Nevada","$61378"
"Riggs Frank (R-CA)","California","$61354"
"Rivers Lynn N (D-MI)","Michigan","$61305"
"Grandy Fred (R-IA)","Iowa","$61156"
"Thompson Jill Long (D-IN)","Indiana","$61100"
"Solarz Stephen J (D-NY)","New York","$60750"
"Kreidler Mike (D-WA)","Washington","$60625"
"Enyart William (D-IL)","Illinois","$60450"
"Gallo Dean A (R-NJ)","New Jersey","$60295"
"Dixon Julian C (D-CA)","California","$60200"
"Nehls Troy (R-TX)","Texas","$59758"
"Flanagan Michael Patrick (R-IL)","Illinois","$59630"
"Atkins Chester Greenough (D-MA)","Massachusetts","$59420"
"McNulty Michael R (D-NY)","New York","$59025"
"Rivera David (R-FL)","Florida","$58900"
"Smith Neal (D-IA)","Iowa","$58700"
"Meyers Jan (R-KS)","Kansas","$58650"
"Cazayoux Don (D-LA)","Louisiana","$58600"
"Capps Walter H (D-CA)","California","$58393"
"Johnson Julie (D-TX)","Texas","$58363"
"Begich Nick III (R-AK)","Alaska","$58234"
"Fry Russell (R-SC)","South Carolina","$58211"
"Bean Aaron (R-FL)","Florida","$58207"
"Rowland James Roy Jr (D-GA)","Georgia","$58200"
"Russell Steven (R-OK)","Oklahoma","$58200"
"Kagen Steve (D-WI)","Wisconsin","$58025"
"Edwards Don (D-CA)","California","$57950"
"McEwen Bob (R-OH)","Ohio","$57825"
"Schilling Bobby (R-IL)","Illinois","$57750"
"Self Keith (R-TX)","Texas","$57679"
"Kopetski Mike (D-OR)","Oregon","$57295"
"Jackson Jonathan (D-IL)","Illinois","$57062"
"Mills Cory (R-FL)","Florida","$56845"
"Djou Charles (R-HI)","Hawaii","$56650"
"Byrne Leslie L (D-VA)","Virginia","$56535"
"Pappas Mike (R-NJ)","New Jersey","$56515"
"Barrett Tom (R-MI)","Michigan","$56509"
"Boyda Nancy (D-KS)","Kansas","$55825"
"Schwarz Joe (R-MI)","Michigan","$55796"
"Clayton Eva M (D-NC)","North Carolina","$55650"
"Combest Larry (R-TX)","Texas","$55650"
"Meek Carrie (D-FL)","Florida","$55460"
"Hostettler John (R-IN)","Indiana","$55312"
"Bresnahan Rob (R-PA)","Pennsylvania","$55224"
"Bateman Herbert H (R-VA)","Virginia","$55223"
"Gilchrest Wayne T (R-MD)","Maryland","$55199"
"Edwards Chuck (R-NC)","North Carolina","$55072"
"Coppersmith Samuel G (D-AZ)","Arizona","$54952"
"Torres Esteban E (D-CA)","California","$54635"
"Cremeans Frank A (R-OH)","Ohio","$54350"
"Brewster Bill (D-OK)","Oklahoma","$54000"
"Sundquist Donald Kenneth (R-TN)","Tennessee","$53769"
"Gray William H III (D-PA)","Pennsylvania","$53050"
"Redmond Bill (R-NM)","New Mexico","$52812"
"Roth Toby (R-WI)","Wisconsin","$51900"
"Nugent Richard (R-FL)","Florida","$51700"
"Williams Pat (D-MT)","Montana","$51631"
"Gill Brandon (R-TX)","Texas","$51525"
"Bentley Helen Delich (R-MD)","Maryland","$51474"
"Stallings Richard (D-ID)","Idaho","$51300"
"Walker Robert S (R-PA)","Pennsylvania","$51300"
"Coleman Ronald D (D-TX)","Texas","$51100"
"Chenoweth Helen (R-ID)","Idaho","$51065"
"Abraham Ralph (R-LA)","Louisiana","$50750"
"Kennelly Barbara B (D-CT)","Connecticut","$50600"
"Green Bill (R-NY)","New York","$50350"
"Bell Chris (D-TX)","Texas","$50250"
"Hamadeh Abraham (R-AZ)","Arizona","$50000"
"Gonzalez Jenniffer (3-PR)","Puerto Rico","$49827"
"Shows Ronnie (D-MS)","Mississippi","$49704"
"Wise Bob (D-WV)","West Virginia","$49600"
"Browder Glen (D-AL)","Alabama","$49582"
"Cooksey John (R-LA)","Louisiana","$49506"
"Gunderson Steve (R-WI)","Wisconsin","$49475"
"Cherfilus-McCormick Sheila (D-FL)","Florida","$49148"
"Vucanovich Barbara F (R-NV)","Nevada","$49100"
"Jenkins Evan (R-WV)","West Virginia","$49015"
"McMillan J Alex (R-NC)","North Carolina","$48700"
"Dornan Robert K (R-CA)","California","$48675"
"Fingerhut Eric D (D-OH)","Ohio","$48675"
"Kennedy Timothy (D-NY)","New York","$48593"
"Barrett Bill (R-NE)","Nebraska","$48530"
"LaFalce John J (D-NY)","New York","$48500"
"Rhodes John Jacob III (R-AZ)","Arizona","$48124"
"Knott Brad (R-NC)","North Carolina","$47900"
"Goss Porter (R-FL)","Florida","$47772"
"Ford William D (D-MI)","Michigan","$47750"
"Hoke Martin R (R-OH)","Ohio","$47750"
"Goldman Craig (R-TX)","Texas","$47695"
"Kastenmeier Robert W (D-WI)","Wisconsin","$47550"
"Crank Jeffrey G (R-CO)","Colorado","$47505"
"Smith Larry (D-FL)","Florida","$47400"
"Lancaster Harold Martin (D-NC)","North Carolina","$47125"
"Alexander William Vollie Jr (D-AR)","Arkansas","$46950"
"Moore Tim (R-NC)","North Carolina","$46950"
"Bilbray James H (D-NV)","Nevada","$46900"
"Bruce Terry L (D-IL)","Illinois","$46900"
"Thanedar Shri (D-MI)","Michigan","$46801"
"Martini Bill (R-NJ)","New Jersey","$46750"
"Delaney April (D-MD)","Maryland","$46411"
"Platts Todd (R-PA)","Pennsylvania","$46350"
"Stark Pete (D-CA)","California","$46346"
"Myers John T (R-IN)","Indiana","$46330"
"Leach Jim (R-IA)","Iowa","$46255"
"Trone David (D-MD)","Maryland","$45871"
"Dexter Maxine (D-OR)","Oregon","$45849"
"Coleman E Thomas (R-MO)","Missouri","$45625"
"Lowery William D (R-CA)","California","$45175"
"Valentine Itimous Thaddeus Jr (D-NC)","North Carolina","$45150"
"Montgomery G V (Sonny) (D-MS)","Mississippi","$45100"
"Harrigan Pat (R-NC)","North Carolina","$45021"
"Jacobs Chris (R-NY)","New York","$44960"
"Foglietta Thomas M (D-PA)","Pennsylvania","$44900"
"Mitchell Paul (R-MI)","Michigan","$44840"
"Thornton Ray (D-AR)","Arkansas","$44800"
"Carl Jerry (R-AL)","Alabama","$44758"
"Aspin Les (D-WI)","Wisconsin","$44710"
"Walgren Doug (D-PA)","Pennsylvania","$44500"
"Garrett Tom (R-VA)","Virginia","$44200"
"Hochbrueckner George J (D-NY)","New York","$44040"
"Cao Joseph (R-LA)","Louisiana","$43300"
"Weber Vin (R-MN)","Minnesota","$43200"
"Clinger William F (R-PA)","Pennsylvania","$42825"
"Canady Charles T (R-FL)","Florida","$42760"
"Bartlett Steve (R-TX)","Texas","$42475"
"Acevedo-Vila Anibal (D-PR)","Puerto Rico","$42215"
"Alford Mark (R-MO)","Missouri","$42180"
"McGrath Raymond J (R-NY)","New York","$42150"
"Ezell Mike (R-MS)","Mississippi","$42143"
"Huffington Michael (R-CA)","California","$42125"
"Orton Bill (D-UT)","Utah","$42099"
"Clarke Hansen (D-MI)","Michigan","$42000"
"Baldacci John (D-ME)","Maine","$41900"
"Vento Bruce F (D-MN)","Minnesota","$41725"
"Vander Jagt Guy A (R-MI)","Michigan","$41600"
"Jack Brian (R-GA)","Georgia","$41550"
"Radel Trey (R-FL)","Florida","$41400"
"English Glenn Lee Jr (D-OK)","Oklahoma","$41150"
"Rivas Luz (D-CA)","California","$40916"
"Hare Phil (D-IL)","Illinois","$40800"
"Jones Ben (D-VA)","Virginia","$40714"
"Pickle James Jarrell (D-TX)","Texas","$40630"
"Emerson Bill (R-MO)","Missouri","$40400"
"Moore Barry (R-AL)","Alabama","$40244"
"Peterson Pete (D-FL)","Florida","$39840"
"Pickett Owen B (D-VA)","Virginia","$39450"
"Ward Mike (D-KY)","Kentucky","$39250"
"Fields Cleo (D-LA)","Louisiana","$39152"
"Baird Jim (R-IN)","Indiana","$38873"
"Florio James J (D-NJ)","New Jersey","$38650"
"Luken Charles John (D-OH)","Ohio","$38650"
"Mann David S (D-OH)","Ohio","$38625"
"Fong Vince (R-CA)","California","$38200"
"James Craig Taylor (R-FL)","Florida","$38150"
"Volkmer Harold L (D-MO)","Missouri","$37965"
"Sarpalius William Clarence (D-TX)","Texas","$37750"
"Hurd Jeffrey (R-CO)","Colorado","$37501"
"Owens Major R (D-NY)","New York","$37000"
"Shepherd Karen F (D-UT)","Utah","$36906"
"Hansen James V (R-UT)","Utah","$36800"
"Davis Jo Ann (R-VA)","Virginia","$36142"
"Guarini Frank J (D-NJ)","New Jersey","$36050"
"Miller Dan (R-FL)","Florida","$36050"
"Coyne William J (D-PA)","Pennsylvania","$35959"
"Stokes Louis (D-OH)","Ohio","$35740"
"Burlison Eric (R-MO)","Missouri","$35521"
"Clyde Andrew (R-GA)","Georgia","$35139"
"Foushee Valerie (D-NC)","North Carolina","$34788"
"Schulze Dick (R-PA)","Pennsylvania","$34700"
"Wright Ron (R-TX)","Texas","$33993"
"Washington Craig A (D-TX)","Texas","$33950"
"Clay William L (D-MO)","Missouri","$33910"
"Morrison Kelly (D-MN)","Minnesota","$33830"
"Stump Bob (R-AZ)","Arizona","$32850"
"Horn Steve (R-CA)","California","$32655"
"Seastrand Andrea (R-CA)","California","$32610"
"Barcia Jim (D-MI)","Michigan","$32600"
"Lipinski Bill (D-IL)","Illinois","$32550"
"Johnston Harry A (D-FL)","Florida","$32150"
"Downing Troy (R-MT)","Montana","$31907"
"Neal Stephen L (D-NC)","North Carolina","$31650"
"Barlow Tom (D-KY)","Kentucky","$31600"
"Collins Barbara-Rose (D-MI)","Michigan","$31305"
"Funderburk David (R-NC)","North Carolina","$31200"
"Dannemeyer William E (R-CA)","California","$31093"
"Sangmeister George E (D-IL)","Illinois","$30850"
"Longley James B Jr (R-ME)","Maine","$30566"
"Bevill Tom (D-AL)","Alabama","$30550"
"Smith Bob (R-OR)","Oregon","$30550"
"Hill Rick (R-MT)","Montana","$30475"
"Hamburg Dan (D-CA)","California","$30474"
"Ogles Andy (R-TN)","Tennessee","$30404"
"Harris Claude Jr (D-AL)","Alabama","$30375"
"Rooney Francis (R-FL)","Florida","$30365"
"Phelps David (D-IL)","Illinois","$30200"
"Miller John (R-WA)","Washington","$29815"
"Hancock Mel (R-MO)","Missouri","$29800"
"Metcalf Jack (R-WA)","Washington","$29800"
"Collins Mike (R-GA)","Georgia","$29594"
"Levy David A (3-NY)","New York","$29475"
"Fortuno Luis (R-PR)","Puerto Rico","$29200"
"Bunn Jim (R-OR)","Oregon","$29100"
"Mackenzie Ryan (R-PA)","Pennsylvania","$28862"
"Johnson C Donald (D-GA)","Georgia","$28700"
"McCandless Alfred A (R-CA)","California","$28700"
"Lehman William (D-FL)","Florida","$28500"
"Maloy Celeste (R-UT)","Utah","$28500"
"Bates Jim (D-CA)","California","$28300"
"Edwards Mickey (R-OK)","Oklahoma","$28300"
"Baumgartner Michael (R-WA)","Washington","$27547"
"McCloskey Frank (D-IN)","Indiana","$27450"
"Reynolds Mel (D-IL)","Illinois","$27400"
"Madigan Edward R (R-IL)","Illinois","$27250"
"Buechner Jack (R-MO)","Missouri","$27245"
"Miller Max (R-OH)","Ohio","$26845"
"Millender-McDonald Juanita (D-CA)","California","$26500"
"Smith Denny (R-OR)","Oregon","$26500"
"Ray Richard (D-GA)","Georgia","$26300"
"Heineman Fred (R-NC)","North Carolina","$26250"
"Sisisky Norman (D-VA)","Virginia","$26150"
"Bustamante Albert G (D-TX)","Texas","$26050"
"Ford Harold E (D-TN)","Tennessee","$26000"
"Roe Robert A (D-NJ)","New Jersey","$25700"
"Fascell Dante B (D-FL)","Florida","$25500"
"Marlenee Ron (R-MT)","Montana","$25489"
"Ramirez Delia (D-IL)","Illinois","$25472"
"Staggers Harley Orrin Jr (D-WV)","West Virginia","$25450"
"Tejeda Frank (D-TX)","Texas","$25450"
"McHale Paul (D-PA)","Pennsylvania","$25320"
"Elfreth Sarah (D-MD)","Maryland","$25103"
"Bordallo Madeleine Z (D-GU)","Guam","$25060"
"Janklow Bill (R-SD)","South Dakota","$24730"
"Danner Pat (D-MO)","Missouri","$24689"
"Weiss Ted (D-NY)","New York","$24275"
"Horton Frank (R-NY)","New York","$24081"
"Spano Ross (R-FL)","Florida","$23936"
"Keller Fred (R-PA)","Pennsylvania","$23929"
"Jontz James (D-IN)","Indiana","$23900"
"Ridge Thomas J (R-PA)","Pennsylvania","$23700"
"Cook Merrill (R-UT)","Utah","$23500"
"Kerns Brian (R-IN)","Indiana","$22650"
"Johnson Jay (D-WI)","Wisconsin","$22555"
"Lewis Tom (R-FL)","Florida","$22500"
"Parris Stan (R-VA)","Virginia","$22410"
"Fowler Tillie (R-FL)","Florida","$22150"
"Patterson Elizabeth J (D-SC)","South Carolina","$22000"
"Wolpe Howard E (D-MI)","Michigan","$22000"
"Early Joseph D (D-MA)","Massachusetts","$21900"
"Turner Robert L (R-NY)","New York","$21750"
"Klein Herbert C (D-NJ)","New Jersey","$21700"
"Smith Peter (R-VT)","Vermont","$21650"
"Slaughter D French Jr (R-VA)","Virginia","$21500"
"Lagomarsino Robert J (R-CA)","California","$21480"
"Sekula-Gibbs Shelley (R-TX)","Texas","$21291"
"Dymally Mervyn M (D-CA)","California","$21100"
"Miller Mary (R-IL)","Illinois","$20994"
"Fedorchak Julie (R-ND)","North Dakota","$20628"
"Jenkins Edgar L (D-GA)","Georgia","$20450"
"Santos George (R-NY)","New York","$20100"
"Thomas Robert Lindsay (D-GA)","Georgia","$19650"
"Mascara Frank (D-PA)","Pennsylvania","$19600"
"Annunzio Frank (D-IL)","Illinois","$19500"
"Huckaby Jerry (D-LA)","Louisiana","$19500"
"Douglas Chuck (R-NH)","New Hampshire","$19250"
"Erdreich Ben (D-AL)","Alabama","$19000"
"Hernandez Rivera Pablo Jose (3-PR)","Puerto Rico","$18679"
"Davis David (R-TN)","Tennessee","$18650"
"English Karan (D-AZ)","Arizona","$18200"
"Waldholtz Enid Greene (R-UT)","Utah","$18200"
"Grant Bill (R-FL)","Florida","$18050"
"Horn Joan Kelly (D-MO)","Missouri","$17800"
"Conaway Herb (D-NJ)","New Jersey","$17797"
"Nagle David R (D-IA)","Iowa","$17750"
"Traxler Bob (D-MI)","Michigan","$17275"
"De la Garza E (Kika) (D-TX)","Texas","$17250"
"Feighan Edward F (D-OH)","Ohio","$17183"
"Nichols Richard D (R-KS)","Kansas","$16600"
"Roe Phil (R-TN)","Tennessee","$16350"
"Tokuda Jill (D-HI)","Hawaii","$16015"
"Hiler John (R-IN)","Indiana","$15650"
"Penny Timothy J (D-MN)","Minnesota","$15167"
"Mink Patsy T (D-HI)","Hawaii","$15136"
"Pashayan Charles Jr (R-CA)","California","$14800"
"Archer Bill (R-TX)","Texas","$14700"
"Olszewski John Anthony Jr. (D-MD)","Maryland","$14350"
"Flippo Ronnie G (D-AL)","Alabama","$14000"
"Henry Paul B (R-MI)","Michigan","$13875"
"Davis Robert William (R-MI)","Michigan","$13850"
"Osborne Tom (R-NE)","Nebraska","$13700"
"Flake Floyd H (D-NY)","New York","$13550"
"Faleomavaega Eni F H (D-AS)","American Samoa","$13414"
"Martinez Matthew G (D-CA)","California","$13250"
"Jones Brenda (D-MI)","Michigan","$13173"
"Hutto Earl D (D-FL)","Florida","$13045"
"Machtley Ronald Keith (R-RI)","Rhode Island","$12950"
"Kennedy Mike (R-UT)","Utah","$12910"
"Perkins Carl C (D-KY)","Kentucky","$12860"
"Oakar Mary Rose (D-OH)","Ohio","$12850"
"Hertel Dennis M (D-MI)","Michigan","$12842"
"Clawson Curt (R-FL)","Florida","$12600"
"Cooley Wes (R-OR)","Oregon","$12500"
"Radewagen Amata Coleman (R-AS)","American Samoa","$12308"
"Pease Don J (D-OH)","Ohio","$12077"
"McAllister Vance (R-LA)","Louisiana","$11500"
"Moore Riley (R-WV)","West Virginia","$11455"
"Murphy Austin J (D-PA)","Pennsylvania","$11420"
"McHugh Matthew F (D-NY)","New York","$11300"
"Pursell Carl Daune (R-MI)","Michigan","$11300"
"Tallon Robin (D-SC)","South Carolina","$11250"
"Schmidt Derek (R-KS)","Kansas","$11249"
"Dwyer Bernard J (D-NJ)","New Jersey","$11225"
"Barnard Druie Douglas Jr (D-GA)","Georgia","$11050"
"Hammerschmidt John Paul (R-AR)","Arkansas","$11000"
"Luken Thomas A (D-OH)","Ohio","$11000"
"Hatcher Charles Floyd (D-GA)","Georgia","$10950"
"Cox John W Jr (D-IL)","Illinois","$10900"
"Traficant James A Jr (I-OH)","Ohio","$10822"
"Panetta Leon Edward (D-CA)","California","$10750"
"Ballance Frank W Jr (D-NC)","North Carolina","$10500"
"Donnelly Brian (D-MA)","Massachusetts","$10500"
"Gaydos Joseph M (D-PA)","Pennsylvania","$10500"
"Byron Beverly B (D-MD)","Maryland","$10475"
"Applegate Douglas (D-OH)","Ohio","$10200"
"Lloyd Marilyn L (D-TN)","Tennessee","$10000"
"Ravenel Arthur Jr (R-SC)","South Carolina","$9800"
"Broomfield William S (R-MI)","Michigan","$9600"
"Goodling Bill (R-PA)","Pennsylvania","$9300"
"Moylan James C (R-GU)","Guam","$8850"
"Leland Mickey (D-TX)","Texas","$8840"
"Coelho Tony (D-CA)","California","$8830"
"Smith Nick (R-MI)","Michigan","$8700"
"Yatron Gus (D-PA)","Pennsylvania","$8650"
"Taylor David (R-OH)","Ohio","$8592"
"Kolter Joseph P (D-PA)","Pennsylvania","$8500"
"Bosco Doug (D-CA)","California","$8320"
"Stangeland Arlan (R-MN)","Minnesota","$8300"
"Messmer Mark (R-IN)","Indiana","$8276"
"Hubbard Carroll Jr (D-KY)","Kentucky","$8250"
"McLeod Gloria (D-CA)","California","$8200"
"Tucker Walter R III (D-CA)","California","$8200"
"Whittaker Bob (R-KS)","Kansas","$8200"
"Bennett Charles E (D-FL)","Florida","$8000"
"Ireland Andy (R-FL)","Florida","$8000"
"Whitten Jamie L (D-MS)","Mississippi","$8000"
"Coughlin R Lawrence (R-PA)","Pennsylvania","$7950"
"Clarke James McClure (D-NC)","North Carolina","$7650"
"Wright Jim (D-TX)","Texas","$7600"
"Dickinson William Louis (R-AL)","Alabama","$7500"
"Pou Nelida (D-NJ)","New Jersey","$7250"
"Sempolinski Joe (R-NY)","New York","$7200"
"Underwood Robert (D-GU)","Guam","$7005"
"Colorado-Laguna Antonio J (D-PR)","Puerto Rico","$6850"
"Onder Robert Frank Jr (R-MO)","Missouri","$6543"
"Morrison Sid (R-WA)","Washington","$6000"
"Hayes Charles A (D-IL)","Illinois","$5950"
"McIver LaMonica (D-NJ)","New Jersey","$5900"
"Wylie Chalmers P (R-OH)","Ohio","$5750"
"Bentivolio Kerry (R-MI)","Michigan","$5600"
"Morrison Bruce A (D-CT)","Connecticut","$5450"
"Blackwell Lucien E (D-PA)","Pennsylvania","$5150"
"Wied Tony (R-WI)","Wisconsin","$5075"
"Miller Clarence E (R-OH)","Ohio","$4900"
"Turner Sylvester (D-TX)","Texas","$4800"
"Garcia Robert (D-NY)","New York","$4750"
"Brecheen Josh (R-OK)","Oklahoma","$4500"
"Mcdowell Addison (R-NC)","North Carolina","$4444"
"Anderson Glenn M (D-CA)","California","$4400"
"Biggs Sheri (R-SC)","South Carolina","$4400"
"Olin James R (D-VA)","Virginia","$4400"
"Rulli Michael (R-OH)","Ohio","$4229"
"Savage Gus (D-IL)","Illinois","$4050"
"Nowak Henry J (D-NY)","New York","$3908"
"Courter Jim (R-NJ)","New Jersey","$3900"
"Mazzoli Romano L (D-KY)","Kentucky","$3800"
"Shreve Jefferson (R-IN)","Indiana","$3511"
"Martin David O'Brien (R-NY)","New York","$3500"
"Roybal Edward R (D-CA)","California","$3450"
"Conte Silvio O (R-MA)","Massachusetts","$3000"
"Gonzalez Henry B (D-TX)","Texas","$3000"
"Jones Walter B (D-NC)","North Carolina","$3000"
"Robinson Tommy Franklin (R-AR)","Arkansas","$3000"
"Udall Morris King (D-AZ)","Arizona","$3000"
"Sablan Gregorio (I-MP)","Northern Mariana Islands","$2700"
"Crockett George W Jr (D-MI)","Michigan","$2600"
"Frazer Victor O (D-VI)","Virgin Islands","$2500"
"Shumway Norman D (R-CA)","California","$2300"
"Dyson Roy (D-MD)","Maryland","$2150"
"Rowland John G (R-CT)","Connecticut","$2100"
"Poshard Glenn (D-IL)","Illinois","$2020"
"San Nicolas Michael (D-GU)","Guam","$2000"
"Smith Larkin I (R-MS)","Mississippi","$1900"
"Gradison Bill (R-OH)","Ohio","$1700"
"Jacobs Andrew Jr (D-IN)","Indiana","$1600"
"Boggs Lindy (D-LA)","Louisiana","$1500"
"Brennan Joseph Edward (D-ME)","Maine","$1000"
"Frenzel Bill (R-MN)","Minnesota","$725"
"Curson David A (D-MI)","Michigan","$500"
"Hopkins Larry J (R-KY)","Kentucky","$500"
"Leath Marvin (D-TX)","Texas","$500"
"Smith Virginia (R-NE)","Nebraska","$500"
"Molinari Guy V (R-NY)","New York","$350"
"Lee Carter Erica (D-TX)","Texas","$300"
"Fauntroy Walter Edward (D-DC)","District of Columbia","$250"
"Lukens Donald E (R-OH)","Ohio","$250"
"Blaz Ben (R-GU)","Guam","$75"
"Lopez Greg (R-CO)","Colorado","$1"
